date,url,colleagues,dishwashers
2022-11-25,https://www.ah.nl/allerhande/recept/R-R1196645/gezonde-salade-kip-met-groene-asperge-komkommer-en-mozzarella,17,
2022-11-18,https://www.ah.nl/allerhande/recept/R-R1196340/rodekoolsalade-met-libanees-brood,33,
2022-11-11,https://www.ah.nl/allerhande/recept/R-R1196338/pizzabroodje-met-tomaten-rucolasalade,30,
2022-11-04,https://www.ah.nl/allerhande/recept/R-R1196335/broodje-vegan-eiersalade,20,
2022-10-28,https://www.ah.nl/allerhande/recept/R-R1196334/vegan-salade-met-mais-en-kipstuckjes,17,
2022-10-21,https://www.ah.nl/allerhande/recept/R-R1196321/toast-met-vunasalade-avocado-en-dille-advertorial,8,
2022-10-14,https://www.ah.nl/allerhande/recept/R-R1196319/pitabroodje-met-plantaardige-kip-kerriesalade-advertorial,17,
2022-10-07,https://www.ah.nl/allerhande/recept/R-R1196291/broodje-zalm-met-komkommer-radijs-en-mierikswortelcreme,18,
2022-09-30,https://www.ah.nl/allerhande/recept/R-R1196191/frittata-met-pompoen-en-salie,23,
2022-09-23,https://www.ah.nl/allerhande/recept/R-R1196174/wortelwraps-met-geitenkaas,5,
2022-09-16,https://www.ah.nl/allerhande/recept/R-R1196162/bietenwrap-met-kip-advertorial,33,
2022-09-09,https://www.ah.nl/allerhande/recept/R-R1196158/toast-met-huttenkase-druiven-en-pecannoten-advertorial,29,
2022-09-02,https://www.ah.nl/allerhande/recept/R-R1196142/volkorenbrood-bakken,7,
2022-08-26,https://www.ah.nl/allerhande/recept/R-R1196140/broodje-hete-kip,16,
2022-08-19,https://www.ah.nl/allerhande/recept/R-R1196134/tonijnsalade,30,
2022-08-12,https://www.ah.nl/allerhande/recept/R-R1195947/franse-uiensoep-met-vlees,19,
2022-08-05,https://www.ah.nl/allerhande/recept/R-R1195925/volkorenbol-met-camembert-rozijnen-en-walnoten,8,
2022-07-29,https://www.ah.nl/allerhande/recept/R-R1195924/volkoren-tosti-met-prei-kaassaus-en-selderij,22,
2022-07-22,https://www.ah.nl/allerhande/recept/R-R1195923/meergranen-stokbrood-met-gebakken-biefstuk-roomkaas-sla-en-ui,17,
2022-07-15,https://www.ah.nl/allerhande/recept/R-R1195922/clubsandwich-tonijn-ei-kaas-en-avocado,9,
2022-07-08,https://www.ah.nl/allerhande/recept/R-R1195921/broodje-pittige-kip-met-pindakaas-romaine-sla-ingelegde-peen-en-tauge,25,
2022-07-01,https://www.ah.nl/allerhande/recept/R-R1195920/bosui-surimiomelet-met-chili-koriander-en-frisse-komkommer,29,
2022-06-24,https://www.ah.nl/allerhande/recept/R-R1195901/toast-met-cottage-cheese-tomaatjes-en-dukkah,26,
2022-06-17,https://www.ah.nl/allerhande/recept/R-R1195876/zuurdesembrood-met-sesamzaad,19,
2022-06-10,https://www.ah.nl/allerhande/recept/R-R1195836/gozleme,7,
2022-06-03,https://www.ah.nl/allerhande/recept/R-R1195825/sandwich-met-kikkererwtenspread-komkommer-en-ingelegde-rode-ui,26,
2022-05-27,https://www.ah.nl/allerhande/recept/R-R1195824/linzensalade-met-mango-bosui-en-munt-limoendressing,13,
2022-05-20,https://www.ah.nl/allerhande/recept/R-R1195823/eenpersoons-frittata-met-zoete-aardappel-courgette-en-kaas,5,
2022-05-13,https://www.ah.nl/allerhande/recept/R-R1195676/wortelwraps-met-kikkererwten-paprika-en-tzatziki,16,
2022-05-06,https://www.ah.nl/allerhande/recept/R-R1195668/sandwich-met-spinazie-en-cottagecheese,7,
2022-04-29,https://www.ah.nl/allerhande/recept/R-R1195664/kaasomelet-met-frisse-courgettesalade,7,
2022-04-22,https://www.ah.nl/allerhande/recept/R-R1195660/volkorentosti-met-kaas-en-paprika,15,
2022-04-15,https://www.ah.nl/allerhande/recept/R-R1195656/wortelsoep-met-muntyoghurt-en-volkorenpita,9,
2022-04-08,https://www.ah.nl/allerhande/recept/R-R1195648/volkorentoast-met-avocadospread-en-peterselie,16,
2022-04-01,https://www.ah.nl/allerhande/recept/R-R1195644/volkorenbolletje-met-kaas-radijs-en-komkommer,22,
2022-03-25,https://www.ah.nl/allerhande/recept/R-R1195602/sesamgranola-met-yakult-yoghurt,12,3.0
2022-03-18,https://www.ah.nl/allerhande/recept/R-R1195572/salade-van-orzo-ricotta-spinazie-en-prossciutto,32,4.0
2022-03-11,https://www.ah.nl/allerhande/recept/R-R1195571/pita-met-whipped-feta-komkommer-en-oregano,14,2.0
2022-03-04,https://www.ah.nl/allerhande/recept/R-R1195570/salade-met-bietjes-zalm-sinaasappel-en-munt,24,3.0
2022-02-25,https://www.ah.nl/allerhande/recept/R-R1195569/broodje-kipfilet-mango-en-guacamole,21,2.0
2022-02-18,https://www.ah.nl/allerhande/recept/R-R1195568/pistoletje-met-een-verrassing,24,2.0
2022-02-11,https://www.ah.nl/allerhande/recept/R-R1195567/pancakes-met-zuivelspread-banaan-en-dadel,19,1.0
2022-02-04,https://www.ah.nl/allerhande/recept/R-R1195566/kikkererwtensalade-met-selderij-en-augurk,23,2.0
2022-01-28,https://www.ah.nl/allerhande/recept/R-R1195565/broodje-met-oude-kaas-gemarineerde-ui-en-veldsla,19,2.0
2022-01-21,https://www.ah.nl/allerhande/recept/R-R1195502/sandwiches-abrikozen-kip-en-aardbei-brie,20,2.0
2022-01-14,https://www.ah.nl/allerhande/recept/R-R1195490/koolhydraatarme-sandwich,27,4.0
2022-01-07,https://www.ah.nl/allerhande/recept/R-R1195489/koolhydraatarme-broodjes,31,4.0
2021-12-31,https://www.ah.nl/allerhande/recept/R-R1195487/koolhydraatarm-brood-bakken,22,3.0
2021-12-24,https://www.ah.nl/allerhande/recept/R-R1195484/zoete-aardappelsoep,19,7.0
2021-12-17,https://www.ah.nl/allerhande/recept/R-R1195322/bolletje-met-homemade-eiersalade-en-veldsla,15,4.0
2021-12-10,https://www.ah.nl/allerhande/recept/R-R1195321/regenboog-sandwich,8,1.0
2021-12-03,https://www.ah.nl/allerhande/recept/R-R1195320/turks-brood-met-feta-wortel-en-harissa,18,4.0
2021-11-26,https://www.ah.nl/allerhande/recept/R-R1195319/tramezzini-met-zalm,32,6.0
2021-11-19,https://www.ah.nl/allerhande/recept/R-R1195318/dikke-speltsandwich-met-kip-avocado-en-spinaziedressing,19,5.0
2021-11-12,https://www.ah.nl/allerhande/recept/R-R1195317/hollandse-club-sandwich-met-spek-kip-en-gebakken-ei,9,2.0
2021-11-05,https://www.ah.nl/allerhande/recept/R-R1195311/bonen-linzensalade-met-met-gerookte-kip-en-citroen,31,10.0
2021-10-29,https://www.ah.nl/allerhande/recept/R-R1195305/koolhydraatarme-wrap-van-sla,21,4.0
2021-10-22,https://www.ah.nl/allerhande/recept/R-R1195304/katsu-sando,25,5.0
2021-10-15,https://www.ah.nl/allerhande/recept/R-R1195301/wrap-hapjes-met-avocado-en-mango,9,2.0
2021-10-08,https://www.ah.nl/allerhande/recept/R-R1195300/broodje-carpaccio,15,2.0
2021-10-01,https://www.ah.nl/allerhande/recept/R-R1195296/vegan-pancakes-met-kokos-mango-en-ananas,24,4.0
2021-09-24,https://www.ah.nl/allerhande/recept/R-R1195295/vegan-pannenkoeken-met-havermout-banaan-en-bosbessen,13,4.0
2021-09-17,https://www.ah.nl/allerhande/recept/R-R1195294/vegan-pannenkoeken-met-spek-en-kaas,15,4.0
2021-09-10,https://www.ah.nl/allerhande/recept/R-R1195123/dunne-crackers-met-ricotta-fetaspread-en-asperges,28,6.0
2021-09-03,https://www.ah.nl/allerhande/recept/R-R1195077/mini-frittata-s-met-broccolirijst-kikkererwten-en-witte-kaas,30,6.0
2021-08-27,https://www.ah.nl/allerhande/recept/R-R1195071/vezelrijk-knackebrod-met-avocado-en-mango,33,5.0
2021-08-20,https://www.ah.nl/allerhande/recept/R-R1195068/groene-groentesoep-met-andijvie,29,8.0
2021-08-13,https://www.ah.nl/allerhande/recept/R-R1195065/toast-met-mozzarella-tomaat-en-ingelegde-rode-ui,14,3.0
2021-08-06,https://www.ah.nl/allerhande/recept/R-R1195062/volkorenbolletje-met-zuivelspread-komkommer-en-gerookte-zalm,19,1.0
2021-07-30,https://www.ah.nl/allerhande/recept/R-R1195059/volkoren-pitatosti-met-spinazie-tomaat-en-mozzarella,15,3.0
2021-07-23,https://www.ah.nl/allerhande/recept/R-R1195056/volkorenbrood-met-pindakaas-en-rauwkost,23,3.0
2021-07-16,https://www.ah.nl/allerhande/recept/R-R1195053/witlofsalade-met-kikkererwten-appel-druiven-en-walnoten,24,4.0
2021-07-09,https://www.ah.nl/allerhande/recept/R-R1195050/toast-met-citroenricotta-en-komkommer,10,1.0
2021-07-02,https://www.ah.nl/allerhande/recept/R-R1195011/koolhydraatarme-lunch-witte-bonen-broccolisoep,6,2.0
2021-06-25,https://www.ah.nl/allerhande/recept/R-R1195004/smorgastarta-zweedse-sandwichtaart,29,10.0
2021-06-18,https://www.ah.nl/allerhande/recept/R-R1194984/speltbroodje-met-fenegriekgeitenkaas-en-granaatappelcompote,8,2.0
2021-06-11,https://www.ah.nl/allerhande/recept/R-R1194983/minifrittata-s-met-spinazie-ham-en-rode-ui,26,6.0
2021-06-04,https://www.ah.nl/allerhande/recept/R-R1194966/broodje-met-sla-gegrilde-groente-en-kip-kebabsalade,7,2.0
2021-05-28,https://www.ah.nl/allerhande/recept/R-R1194946/knackebrod-met-rivierkreeftjes-en-mango,30,3.0
2021-05-21,https://www.ah.nl/allerhande/recept/R-R1194910/vegan-hotdog-met-zuurkool-en-mosterdmayo,27,5.0
2021-05-14,https://www.ah.nl/allerhande/recept/R-R1194902/broodje-vegetarische-filet-americain-met-ei-en-rode-ui,22,4.0
2021-05-07,https://www.ah.nl/allerhande/recept/R-R1194901/boerenkoolsalade-met-rode-biet-geitenkaas-en-ingelegde-ui,8,2.0
2021-04-30,https://www.ah.nl/allerhande/recept/R-R1194900/winterpeen-walnootspread-op-naanbrood,32,4.0
2021-04-23,https://www.ah.nl/allerhande/recept/R-R1194887/koolhydraatarme-lunch-maaltijdsalade-met-quinoa-courgette-en-tonijn,34,5.0
2021-04-16,https://www.ah.nl/allerhande/recept/R-R1194827/geitenkaassalade-met-croutons-van-mueslibrood,12,4.0
2021-04-09,https://www.ah.nl/allerhande/recept/R-R1194813/groentepannenkoeken-in-regenboogkleuren,17,7.0
2021-04-02,https://www.ah.nl/allerhande/recept/R-R1194795/roggebrood-met-avocado-en-tonijn,32,2.0
2021-03-26,https://www.ah.nl/allerhande/recept/R-R1194792/gezonde-toast-met-geraspte-tomaat-en-mozzarella,24,4.0
2021-03-19,https://www.ah.nl/allerhande/recept/R-R1194789/gezonde-sandwich-met-roerei-en-gebakken-spinazie,8,2.0
2021-03-12,https://www.ah.nl/allerhande/recept/R-R1194786/rijstsalade-met-komkommer-tuinerwten-en-gerookte-zalm,17,3.0
2021-03-05,https://www.ah.nl/allerhande/recept/R-R1194783/tosti-geitenkaas-met-tomaat-en-rucola,29,6.0
2021-02-26,https://www.ah.nl/allerhande/recept/R-R1194781/gezonde-wraps-met-komkommersalade-cottagecheese-en-makreel,26,5.0
2021-02-19,https://www.ah.nl/allerhande/recept/R-R1194779/gezonde-toast-met-zuivelspread-gebakken-peer-en-rozijnen,24,3.0
2021-02-12,https://www.ah.nl/allerhande/recept/R-R1194771/gezonde-pannenkoeken-met-groente-veldsla-en-rosbief,17,4.0
2021-02-05,https://www.ah.nl/allerhande/recept/R-R1194770/linzensalade-met-geroosterde-pompoen-rode-ui-en-cottagecheese,23,3.0
2021-01-29,https://www.ah.nl/allerhande/recept/R-R1194769/volkoren-stokbrood-met-veldsla-en-pompoen-notenspread,20,3.0
2021-01-22,https://www.ah.nl/allerhande/recept/R-R1194765/muesli-notenbrood-met-komijnekaas-en-komkommer,33,2.0
2021-01-15,https://www.ah.nl/allerhande/recept/R-R1194759/koolhydraatarme-lunch-salade-met-gegrilde-makreelfilet-en-venkel,25,5.0
2021-01-08,https://www.ah.nl/allerhande/recept/R-R1194678/kerstbrunch-kerstboom-met-kaas-en-spinazie,22,4.0
2021-01-01,https://www.ah.nl/allerhande/recept/R-R1194669/gezonde-kerstboombroodjes,15,3.0
2020-12-25,https://www.ah.nl/allerhande/recept/R-R1194667/broodslakken-op-een-prikker,23,4.0
2020-12-18,https://www.ah.nl/allerhande/recept/R-R1194514/roerei-met-parmezaan-en-paddenstoelen,6,2.0
2020-12-11,https://www.ah.nl/allerhande/recept/R-R1194394/luxe-bagel-met-roomkaas-biefstuk-en-paddenstoelen,20,4.0
2020-12-04,https://www.ah.nl/allerhande/recept/R-R1194389/vegetarische-wraps-uit-de-oven-tostada-met-avocado,30,3.0
2020-11-27,https://www.ah.nl/allerhande/recept/R-R1194386/meergranen-stokbrood-met-cottage-cheese-en-gerookte-zalm,25,5.0
2020-11-20,https://www.ah.nl/allerhande/recept/R-R1194385/mexicaanse-lunchbowl-met-kidneybonen-spinazie-en-gebakken-ei,22,4.0
2020-11-13,https://www.ah.nl/allerhande/recept/R-R1194384/toast-met-smeerkaas-en-gerookte-forel,14,3.0
2020-11-06,https://www.ah.nl/allerhande/recept/R-R1194383/italiaanse-omelet-met-groente,16,3.0
2020-10-30,https://www.ah.nl/allerhande/recept/R-R1194381/clubsandwich-met-zuivelspread-rosbief-en-gekookt-ei,9,3.0
2020-10-23,https://www.ah.nl/allerhande/recept/R-R1194380/tosti-met-gebakken-champignons-en-mozzarella,6,1.0
2020-10-16,https://www.ah.nl/allerhande/recept/R-R1194377/roggebrood-met-kaas-en-komkommer,16,2.0
2020-10-09,https://www.ah.nl/allerhande/recept/R-R1194304/sandwich-met-eiersalade-en-radijs,18,3.0
2020-10-02,https://www.ah.nl/allerhande/recept/R-R1194301/broccolisoep-met-soepgroenten-en-broodkruim,28,6.0
2020-09-25,https://www.ah.nl/allerhande/recept/R-R1194298/tosti-tonijn-met-tomaat-en-rucola,7,2.0
2020-09-18,https://www.ah.nl/allerhande/recept/R-R1194293/speculoossandwich-met-peer-en-walnoten,24,4.0
2020-09-11,https://www.ah.nl/allerhande/recept/R-R1194281/bread-omelet,26,3.0
2020-09-04,https://www.ah.nl/allerhande/recept/R-R1194280/rijstepap-met-kokosmelk-mango-en-amandel,16,4.0
2020-08-28,https://www.ah.nl/allerhande/recept/R-R1194269/zoet-pompoenbrood,31,7.0
2020-08-21,https://www.ah.nl/allerhande/recept/R-R1194230/ontbijtbowl-met-bramen-en-granola,30,2.0
2020-08-14,https://www.ah.nl/allerhande/recept/R-R1194209/tosti-roomkaas-met-spinazie-avocado-en-kalkoen,18,5.0
2020-08-07,https://www.ah.nl/allerhande/recept/R-R1194123/regenboogpizzabootjes,8,2.0
2020-07-31,https://www.ah.nl/allerhande/recept/R-R1194110/pistolet-met-filetreepjes-rauwkost-en-satesaus,22,4.0
2020-07-24,https://www.ah.nl/allerhande/recept/R-R1194070/meergranentriangel-met-kip-mangosalade,25,4.0
2020-07-17,https://www.ah.nl/allerhande/recept/R-R1194030/lunchbowl-met-kikkererwten-en-limoen-yoghurtdressing,31,7.0
2020-07-10,https://www.ah.nl/allerhande/recept/R-R1194004/groene-pannenkoeken-met-hummus-en-wortel,14,6.0
2020-07-03,https://www.ah.nl/allerhande/recept/R-R1193970/open-sandwich-met-rookvlees-en-zachtgekookt-ei,20,4.0
2020-06-26,https://www.ah.nl/allerhande/recept/R-R1193883/bietenhummus-met-yoghurt-komkommer-en-za-atar,29,2.0
2020-06-19,https://www.ah.nl/allerhande/recept/R-R1193872/bagel-plantaardige-roomkaas-met-aardbei-en-munt,18,2.0
2020-06-12,https://www.ah.nl/allerhande/recept/R-R1193871/bagel-gerookte-zalm-roomkaas-en-kappertjes,27,4.0
2020-06-05,https://www.ah.nl/allerhande/recept/R-R1193870/bagel-guacamole-bacon-en-tomaat,23,4.0
2020-05-29,https://www.ah.nl/allerhande/recept/R-R1193849/pantosti-met-gruye-re-ham-en-mosterd,28,6.0
2020-05-22,https://www.ah.nl/allerhande/recept/R-R1193829/vegan-clubsandwich-met-groentespread-en-rauwkost,23,6.0
2020-05-15,https://www.ah.nl/allerhande/recept/R-R1193784/makreelbroodje-met-augurk-en-peterseliemayonaise,32,5.0
2020-05-08,https://www.ah.nl/allerhande/recept/R-R1193771/spiegelei,21,2.0
2020-05-01,https://www.ah.nl/allerhande/recept/R-R1193769/broodje-met-radijspesto-zaanlander-en-radijsjes-in-t-zuur,19,5.0
2020-04-24,https://www.ah.nl/allerhande/recept/R-R1193762/pantosti-caprese,30,9.0
2020-04-17,https://www.ah.nl/allerhande/recept/R-R1193761/toast-met-ricotta-boontjes-en-dille-dilly-beans,28,8.0
2020-04-10,https://www.ah.nl/allerhande/recept/R-R1193755/bloemkoolrijstwafels-met-pulled-pork,24,6.0
2020-04-03,https://www.ah.nl/allerhande/recept/R-R1193695/caesarsalade-met-witte-asperges,24,5.0
2020-03-27,https://www.ah.nl/allerhande/recept/R-R1193654/amandelkwarqbowl-met-granola-en-fruit,16,3.0
2020-03-20,https://www.ah.nl/allerhande/recept/R-R1193647/choco-smoothiebowl-met-frambozen,19,2.0
2020-03-13,https://www.ah.nl/allerhande/recept/R-R1193592/frittata-met-ui-spinazie-en-gruye-re,24,5.0
2020-03-06,https://www.ah.nl/allerhande/recept/R-R1193586/macaronimuffins,22,5.0
2020-02-28,https://www.ah.nl/allerhande/recept/R-R1193474/rotirol,8,4.0
2020-02-21,https://www.ah.nl/allerhande/recept/R-R1193462/gezonde-eiwraps-met-spinazie-biet-en-geitenkaas,28,7.0
2020-02-14,https://www.ah.nl/allerhande/recept/R-R1193402/tortillapizza-met-mini-mozzarella,8,2.0
2020-02-07,https://www.ah.nl/allerhande/recept/R-R1193400/volkorensandwich-met-cottagecheese-gerookte-zalm-en-veldsla,21,3.0
2020-01-31,https://www.ah.nl/allerhande/recept/R-R1193361/pittige-pastasalade-met-kip-mango-en-komkommer,24,5.0
2020-01-24,https://www.ah.nl/allerhande/recept/R-R1193270/gevulde-eieren-met-avocado,17,3.0
2020-01-17,https://www.ah.nl/allerhande/recept/R-R1193157/tosti-airfryer,28,3.0
2020-01-10,https://www.ah.nl/allerhande/recept/R-R1193152/speculaas-suikerbollenwentelteefjes,10,2.0
2020-01-03,https://www.ah.nl/allerhande/recept/R-R1193123/carpaccio-wraps,31,5.0
2019-12-27,https://www.ah.nl/allerhande/recept/R-R1193104/kerstontbijt-beschuiten,34,12.0
2019-12-20,https://www.ah.nl/allerhande/recept/R-R1193087/open-pitasandwich-met-kip-kebabsalade,23,5.0
2019-12-13,https://www.ah.nl/allerhande/recept/R-R1193011/rostibakje-met-spek-en-ei,33,4.0
2019-12-06,https://www.ah.nl/allerhande/recept/R-R1192961/italiaanse-ricotta-omelet-met-gebakken-tomaatjes,33,7.0
2019-11-29,https://www.ah.nl/allerhande/recept/R-R1192927/pannenkoeken-zonder-melk,24,9.0
2019-11-22,https://www.ah.nl/allerhande/recept/R-R1192909/gezonde-broccolisoep,14,3.0
2019-11-15,https://www.ah.nl/allerhande/recept/R-R1192904/bananenbrood-zonder-suiker-geen-toegevoegde-suikers,6,1.0
2019-11-08,https://www.ah.nl/allerhande/recept/R-R1192899/tosti-bolognesesaus,24,4.0
2019-11-01,https://www.ah.nl/allerhande/recept/R-R1192882/appelringpannenkoeken,25,8.0
2019-10-25,https://www.ah.nl/allerhande/recept/R-R1192847/wentelteefjes-van-twents-krentenwegge-met-nazomerfruit,30,6.0
2019-10-18,https://www.ah.nl/allerhande/recept/R-R1192784/steak-sandwich-met-gekaramelliseerde-uien,9,4.0
2019-10-11,https://www.ah.nl/allerhande/recept/R-R1192727/pizza-con-patate-aardappelpizza,25,7.0
2019-10-04,https://www.ah.nl/allerhande/recept/R-R1192726/pizzabroodjes,21,4.0
2019-09-27,https://www.ah.nl/allerhande/recept/R-R1192725/pizza-bianca-met-truffelmascarpone,17,3.0
2019-09-20,https://www.ah.nl/allerhande/recept/R-R1192723/piadina-panpizza-met-ham-en-rucola,5,2.0
2019-09-13,https://www.ah.nl/allerhande/recept/R-R1192704/ciabatta-met-grana-padano-en-abrikozenspread,32,3.0
2019-09-06,https://www.ah.nl/allerhande/recept/R-R1192682/mangosalade-met-garnalentempura,21,7.0
2019-08-30,https://www.ah.nl/allerhande/recept/R-R1192622/brabants-worstenbrood-van-houben,9,6.0
2019-08-23,https://www.ah.nl/allerhande/recept/R-R1192596/pulled-jackfruit-kerriesalade-op-een-groentebroodje,9,3.0
2019-08-16,https://www.ah.nl/allerhande/recept/R-R1192573/groninger-mosterdsoep-van-abrahams-mosterdmakerij,8,3.0
2019-08-09,https://www.ah.nl/allerhande/recept/R-R1192559/broodje-krokante-kip-met-avocado-en-redhot-sauce,28,7.0
2019-08-02,https://www.ah.nl/allerhande/recept/R-R1192556/knackebrod-met-geitenkaas-aardbeien-en-gekaramelliseerde-pecannoten,28,5.0
2019-07-26,https://www.ah.nl/allerhande/recept/R-R1192521/broodje-kalkoenfilet-met-geitenkaas-en-zoete-mosterd,26,4.0
2019-07-19,https://www.ah.nl/allerhande/recept/R-R1192465/bietentortilla-met-rode-pesto-kipfilet-en-basilicum,16,3.0
2019-07-12,https://www.ah.nl/allerhande/recept/R-R1192464/snelle-groene-gazpacho,21,3.0
2019-07-05,https://www.ah.nl/allerhande/recept/R-R1192438/geitenkaassalade-met-blauwe-bessen-balsamicodressing,12,4.0
2019-06-28,https://www.ah.nl/allerhande/recept/R-R1192401/paasbroodjes-met-gerookte-zalm-kaas-en-beenham,28,6.0
2019-06-21,https://www.ah.nl/allerhande/recept/R-R1192320/souffle-pancakes,27,6.0
2019-06-14,https://www.ah.nl/allerhande/recept/R-R1192246/croissant-gevuld-met-roerei-gerookte-zalm-en-veldsla,18,2.0
2019-06-07,https://www.ah.nl/allerhande/recept/R-R1192243/bagel-met-kip-samba-en-salade,15,2.0
2019-05-31,https://www.ah.nl/allerhande/recept/R-R1192233/ontbijtpizza-met-lentegroenten-en-gebakken-ei,29,3.0
2019-05-24,https://www.ah.nl/allerhande/recept/R-R1192232/kokospannenkoekjes-met-vers-fruit,18,5.0
2019-05-17,https://www.ah.nl/allerhande/recept/R-R1192224/babka-met-spinazie-en-halloumi,12,8.0
2019-05-10,https://www.ah.nl/allerhande/recept/R-R1192202/spaanse-roomyoghurt-met-snelle-granola,22,4.0
2019-05-03,https://www.ah.nl/allerhande/recept/R-R1192121/uiensoeptosti,25,10.0
2019-04-26,https://www.ah.nl/allerhande/recept/R-R1192030/zalm-komkommersandwich,18,2.0
2019-04-19,https://www.ah.nl/allerhande/recept/R-R1191965/vegan-omelet-met-champignons,26,7.0
2019-04-12,https://www.ah.nl/allerhande/recept/R-R1191946/gegrild-brood-met-romige-kruidensalade-en-garnalen,32,7.0
2019-04-05,https://www.ah.nl/allerhande/recept/R-R1191945/volkorentosti-met-biet-en-geitenkaas,23,3.0
2019-03-29,https://www.ah.nl/allerhande/recept/R-R1191944/nicoise-to-go-met-bonen,34,5.0
2019-03-22,https://www.ah.nl/allerhande/recept/R-R1191943/zoete-aardappelpizzaatjes,25,2.0
2019-03-15,https://www.ah.nl/allerhande/recept/R-R1191942/koolwraps-met-vegagehakt-komkommer-en-radijs,31,6.0
2019-03-08,https://www.ah.nl/allerhande/recept/R-R1191913/piadine-met-hollandse-garnalen-oude-kaas-appel-en-selderij,32,5.0
2019-03-01,https://www.ah.nl/allerhande/recept/R-R1191906/volkorenflensjes-met-blauwe-bessen-en-ricotta,33,10.0
2019-02-22,https://www.ah.nl/allerhande/recept/R-R1191905/volkoren-clubsandwich-met-kipfilet-sla-en-ei,9,2.0
2019-02-15,https://www.ah.nl/allerhande/recept/R-R1191904/volkorentonijnsandwich,16,2.0
2019-02-08,https://www.ah.nl/allerhande/recept/R-R1191851/sterbrood-met-gerookte-zalm-kaas-en-achterham,10,1.0
2019-02-01,https://www.ah.nl/allerhande/recept/R-R1191850/chocolade-croissantjes-en-ontbijtquiches,16,3.0
2019-01-25,https://www.ah.nl/allerhande/recept/R-R1191726/supersnel-spicy-bonensoepje-met-guacamole,33,4.0
2019-01-18,https://www.ah.nl/allerhande/recept/R-R1191724/broodje-spicy-kalkoenschnitzel,23,4.0
2019-01-11,https://www.ah.nl/allerhande/recept/R-R1191583/kerstsandwich-en-wentelteefjes,7,2.0
2019-01-04,https://www.ah.nl/allerhande/recept/R-R1191580/kaiserbroodjes-gevuld-met-ei-en-ham,24,4.0
2018-12-28,https://www.ah.nl/allerhande/recept/R-R1191554/american-pancakes-met-blauwe-bessen-en-ahornsiroop,21,6.0
2018-12-21,https://www.ah.nl/allerhande/recept/R-R1191553/truffel-eiersalade-met-avocado,13,4.0
2018-12-14,https://www.ah.nl/allerhande/recept/R-R1191546/overnight-boekweit,14,1.0
2018-12-07,https://www.ah.nl/allerhande/recept/R-R1191545/groente-speltcrackers,31,3.0
2018-11-30,https://www.ah.nl/allerhande/recept/R-R1191544/groente-volkorencrackers,18,2.0
2018-11-23,https://www.ah.nl/allerhande/recept/R-R1191500/indiase-sandwich-gebakken-kip-met-eisalade,28,5.0
2018-11-16,https://www.ah.nl/allerhande/recept/R-R1191480/rijkgevulde-pistolet-met-oude-kaas,8,3.0
2018-11-09,https://www.ah.nl/allerhande/recept/R-R1191421/toast-met-serranoham-en-zelfgemaakte-knolselderijremoulade,18,3.0
2018-11-02,https://www.ah.nl/allerhande/recept/R-R1191371/aziatische-hotdog-met-rodekool-avocado-en-tahindressing,8,2.0
2018-10-26,https://www.ah.nl/allerhande/recept/R-R1191281/pompoentosti-met-ricotta-en-truffel,8,3.0
2018-10-19,https://www.ah.nl/allerhande/recept/R-R1191189/oventosti-met-vegagehackt-en-geitenkaas,12,1.0
2018-10-12,https://www.ah.nl/allerhande/recept/R-R1191051/beren-pizzabroodjes,10,1.0
2018-10-05,https://www.ah.nl/allerhande/recept/R-R1191023/biologische-courgetteomelet-met-ricotta-en-veldsla,30,6.0
2018-09-28,https://www.ah.nl/allerhande/recept/R-R1191009/bosbessen-camemberttosti-met-basilicum,31,6.0
2018-09-21,https://www.ah.nl/allerhande/recept/R-R1191003/lunchsalade-met-tonijn-en-parelcouscous,15,4.0
2018-09-14,https://www.ah.nl/allerhande/recept/R-R1190949/banaan-sojapannenkoekjes-met-kokos-en-bramen,10,2.0
2018-09-07,https://www.ah.nl/allerhande/recept/R-R1190946/boterham-uiltjes-met-snoepgroente,7,2.0
2018-08-31,https://www.ah.nl/allerhande/recept/R-R1190945/buddhabowl-to-go,28,3.0
2018-08-24,https://www.ah.nl/allerhande/recept/R-R1190943/sushi-omeletrolletjes-to-go,34,9.0
2018-08-17,https://www.ah.nl/allerhande/recept/R-R1190913/salade-met-bloemkoolrijst-en-bietjes,19,2.0
2018-08-10,https://www.ah.nl/allerhande/recept/R-R1190909/chili-sin-carne-salade,12,2.0
2018-08-03,https://www.ah.nl/allerhande/recept/R-R1190908/sandwich-met-paturain-rode-biet-avocado-en-waterkers,19,3.0
2018-07-27,https://www.ah.nl/allerhande/recept/R-R1190853/gegrilde-groentetosti-met-pesto-ham-en-geraspte-kaas,31,5.0
2018-07-20,https://www.ah.nl/allerhande/recept/R-R1190805/libanese-wrap-met-gebakken-aubergine-en-verse-kruiden,24,6.0
2018-07-13,https://www.ah.nl/allerhande/recept/R-R1190706/broodje-sloppy-joe,22,5.0
2018-07-06,https://www.ah.nl/allerhande/recept/R-R1190705/havermoutpannenkoeken-met-banaan-en-kaneel,30,5.0
2018-06-29,https://www.ah.nl/allerhande/recept/R-R1190704/hartige-havermoutpannenkoeken-met-spek-en-bieslook,29,6.0
2018-06-22,https://www.ah.nl/allerhande/recept/R-R1190651/blt-sandwich-met-allioli,10,3.0
2018-06-15,https://www.ah.nl/allerhande/recept/R-R1190643/gevulde-ciabatta-met-coburgerham-en-mozzarella,9,1.0
2018-06-08,https://www.ah.nl/allerhande/recept/R-R1190636/broodje-bal-met-coleslaw,10,1.0
2018-06-01,https://www.ah.nl/allerhande/recept/R-R1190588/broodje-geraspte-bietjes-met-mierikswortelmayonaise,15,4.0
2018-05-25,https://www.ah.nl/allerhande/recept/R-R1190587/frisse-tonijn-radijssalade-met-sperziebonen-en-geroosterde-walnoten,29,6.0
2018-05-18,https://www.ah.nl/allerhande/recept/R-R1190582/gordita-s-met-kidneybonen-en-een-gebakken-eitje,23,4.0
2018-05-11,https://www.ah.nl/allerhande/recept/R-R1190528/krokante-tortilla-met-makreel-en-rucola-venkelsalade,16,4.0
2018-05-04,https://www.ah.nl/allerhande/recept/R-R1190451/vegan-banh-mi,15,6.0
2018-04-27,https://www.ah.nl/allerhande/recept/R-R1190442/open-sandwich-met-worst-en-mosterd,10,3.0
2018-04-20,https://www.ah.nl/allerhande/recept/R-R1190440/groene-groentesalade-met-stroopdressing,33,6.0
2018-04-13,https://www.ah.nl/allerhande/recept/R-R1190427/spicy-sushisalade-in-a-jar,28,8.0
2018-04-06,https://www.ah.nl/allerhande/recept/R-R1190331/groene-groentesoep-met-verse-kruiden,14,5.0
2018-03-30,https://www.ah.nl/allerhande/recept/R-R1190330/sushi-burrito-met-rivierkreeftjes,18,10.0
2018-03-23,https://www.ah.nl/allerhande/recept/R-R1190329/pindakaas-smoothiebowl,19,3.0
2018-03-16,https://www.ah.nl/allerhande/recept/R-R1190291/rundvleescroquetten-van-holtkamp,34,19.0
2018-03-09,https://www.ah.nl/allerhande/recept/R-R1190290/broodje-fricandeau-tonnato,9,1.0
2018-03-02,https://www.ah.nl/allerhande/recept/R-R1190263/toast-met-avocadospread-kikkererwten-en-radijsmix,18,3.0
2018-02-23,https://www.ah.nl/allerhande/recept/R-R1190241/appeltaarttosti-van-leonie-ter-veld,34,5.0
2018-02-16,https://www.ah.nl/allerhande/recept/R-R1190240/tosti-kapsalon-van-leonie-ter-veld,34,6.0
2018-02-09,https://www.ah.nl/allerhande/recept/R-R1190220/belgische-wafels,8,3.0
2018-02-02,https://www.ah.nl/allerhande/recept/R-R1190219/ultieme-pantosti-met-verse-tomatendip,19,4.0
2018-01-26,https://www.ah.nl/allerhande/recept/R-R1190217/roggebrood-met-oude-30-kaas-gekarameliseerde-uien-en-tuinkers,7,2.0
2018-01-19,https://www.ah.nl/allerhande/recept/R-R1190210/knackebrod-met-haring-en-rode-biet,26,7.0
2018-01-12,https://www.ah.nl/allerhande/recept/R-R1190209/vegetarische-brunchburger-met-broccoli,31,9.0
2018-01-05,https://www.ah.nl/allerhande/recept/R-R1190208/pizza-crackers,30,4.0
2017-12-29,https://www.ah.nl/allerhande/recept/R-R1190206/omeletwraps,23,4.0
2017-12-22,https://www.ah.nl/allerhande/recept/R-R1190205/hartige-wentelteefjes,8,3.0
2017-12-15,https://www.ah.nl/allerhande/recept/R-R1190204/open-meergranensandwich-martino,9,3.0
2017-12-08,https://www.ah.nl/allerhande/recept/R-R1190202/open-volkorensandwich-oude-geitenkaas,18,3.0
2017-12-01,https://www.ah.nl/allerhande/recept/R-R1190201/croque-madame-speltwafel,25,6.0
2017-11-24,https://www.ah.nl/allerhande/recept/R-R1190200/roerei-met-gerookte-zalm-op-desembrood,14,3.0
2017-11-17,https://www.ah.nl/allerhande/recept/R-R1190198/sandwich-met-pittige-avocado,11,3.0
2017-11-10,https://www.ah.nl/allerhande/recept/R-R1190197/rijkgevulde-ontbijtsalade-met-volkoren-croutons-en-blauwe-bessen,33,5.0
2017-11-03,https://www.ah.nl/allerhande/recept/R-R1190196/krokante-tortilla-met-hummus-groene-kruiden-en-witte-kaas,6,1.0
2017-10-27,https://www.ah.nl/allerhande/recept/R-R1190195/mortadella-sandwich-met-zuivelspread-kropsla-en-tomaat,33,5.0
2017-10-20,https://www.ah.nl/allerhande/recept/R-R1190194/gepocheerd-kurkuma-ei,24,3.0
2017-10-13,https://www.ah.nl/allerhande/recept/R-R1190193/mimosa-cocktail,16,1.0
2017-10-06,https://www.ah.nl/allerhande/recept/R-R1190192/groentenestjes-met-ei,15,3.0
2017-09-29,https://www.ah.nl/allerhande/recept/R-R1190188/american-pancakes-met-fruit-en-noten,14,4.0
2017-09-22,https://www.ah.nl/allerhande/recept/R-R1190168/omelet-bakken,24,3.0
2017-09-15,https://www.ah.nl/allerhande/recept/R-R1190167/ei-pocheren,5,2.0
2017-09-08,https://www.ah.nl/allerhande/recept/R-R1190166/het-perfecte-roerei,8,2.0
2017-09-01,https://www.ah.nl/allerhande/recept/R-R1190163/brunchbol-met-kipfilet-blauwaderkaas-jam-en-meslcun,15,2.0
2017-08-25,https://www.ah.nl/allerhande/recept/R-R1190081/boerenkoolcake-met-worst-en-amandelen,27,10.0
2017-08-18,https://www.ah.nl/allerhande/recept/R-R1190079/rijkgevulde-pompoensoep,6,3.0
2017-08-11,https://www.ah.nl/allerhande/recept/R-R1190063/tostada-s-met-mais-kidneybonensalade,27,5.0
2017-08-04,https://www.ah.nl/allerhande/recept/R-R1189897/kurkumapannenkoek-met-appel,30,8.0
2017-07-28,https://www.ah.nl/allerhande/recept/R-R1189885/rode-kidneybonensalade-met-gerookte-makreel,28,6.0
2017-07-21,https://www.ah.nl/allerhande/recept/R-R1189836/toast-met-geitenkaas-avocadospread-en-grapefruit,19,3.0
2017-07-14,https://www.ah.nl/allerhande/recept/R-R1189829/aubergineburgers-met-hummus,22,5.0
2017-07-07,https://www.ah.nl/allerhande/recept/R-R1189797/sandwich-met-gerookte-kip-en-cranberry-compote,29,3.0
2017-06-30,https://www.ah.nl/allerhande/recept/R-R1189691/winterse-tosti-met-spek-en-honing-mosterdsaus,33,6.0
2017-06-23,https://www.ah.nl/allerhande/recept/R-R1189671/the-day-after-ontbijt,32,8.0
2017-06-16,https://www.ah.nl/allerhande/recept/R-R1189614/tosti-s-met-kaas-augurk-en-sambalmayo,12,2.0
2017-06-09,https://www.ah.nl/allerhande/recept/R-R1189563/speltbol-met-brabantse-boterhamworst-en-gekaramelliseerde-ui,6,3.0
2017-06-02,https://www.ah.nl/allerhande/recept/R-R1189480/brood-met-een-snelle-makreelpate,34,6.0
2017-05-26,https://www.ah.nl/allerhande/recept/R-R1189462/frittata-met-groene-groenten-en-feta,6,3.0
2017-05-19,https://www.ah.nl/allerhande/recept/R-R1189432/baguette-ossenworst-met-piccalilly,29,5.0
2017-05-12,https://www.ah.nl/allerhande/recept/R-R1189420/kaaswafel-met-avocado-cheddar-en-ontbijtspek,29,6.0
2017-05-05,https://www.ah.nl/allerhande/recept/R-R1189419/sushiwafels,14,4.0
2017-04-28,https://www.ah.nl/allerhande/recept/R-R1189364/aardappelsalade-met-tonijn,9,2.0
2017-04-21,https://www.ah.nl/allerhande/recept/R-R1189360/kipwraps-met-honingmosterdsaus,24,5.0
2017-04-14,https://www.ah.nl/allerhande/recept/R-R1189300/lunchsalade-met-zwarte-olijven,23,5.0
2017-04-07,https://www.ah.nl/allerhande/recept/R-R1189273/clt-sandwich-met-pulled-chicken,29,7.0
2017-03-31,https://www.ah.nl/allerhande/recept/R-R1189272/stevige-sandwich-met-pompoenhummus,16,4.0
2017-03-24,https://www.ah.nl/allerhande/recept/R-R1189271/sportsalade-met-gegrilde-kip-en-yoghurtdressing,13,4.0
2017-03-17,https://www.ah.nl/allerhande/recept/R-R1189236/ultieme-kaasbroodjes,19,3.0
2017-03-10,https://www.ah.nl/allerhande/recept/R-R1189221/rainbow-quinoasalade-met-gegrilde-kalkoen-en-amandelen-van-dafne-schippers,23,6.0
2017-03-03,https://www.ah.nl/allerhande/recept/R-R1189185/mas-huni,23,5.0
2017-02-24,https://www.ah.nl/allerhande/recept/R-R1189184/tuna-melt-tosti,21,6.0
2017-02-17,https://www.ah.nl/allerhande/recept/R-R1189142/bahn-mi-met-oosters-gekruide-varkenshaas,11,3.0
2017-02-10,https://www.ah.nl/allerhande/recept/R-R1189059/pide-met-feta-en-labneh,20,7.0
2017-02-03,https://www.ah.nl/allerhande/recept/R-R1189058/pide-met-lamsgehakt-en-gebakken-eitje,8,4.0
2017-01-27,https://www.ah.nl/allerhande/recept/R-R1189046/piadinetosti-s-met-pesto,17,5.0
2017-01-20,https://www.ah.nl/allerhande/recept/R-R1188983/tonijnsandwich-met-avocado-komkommer-en-munt,29,4.0
2017-01-13,https://www.ah.nl/allerhande/recept/R-R1188964/pittige-vegahotdog-met-franse-mosterd,27,4.0
2017-01-06,https://www.ah.nl/allerhande/recept/R-R1188859/easy-caesarsalade,27,6.0
2016-12-30,https://www.ah.nl/allerhande/recept/R-R1188823/broodje-tonijn-met-knoflook-srirachamayo,13,3.0
2016-12-23,https://www.ah.nl/allerhande/recept/R-R1188820/mediterrane-salade-met-basilicumcroutons,29,6.0
2016-12-16,https://www.ah.nl/allerhande/recept/R-R1188672/easy-piadina-pizza-met-spianata-romana,18,4.0
2016-12-09,https://www.ah.nl/allerhande/recept/R-R1188669/tofu-sandwich-met-babyromaine,11,4.0
2016-12-02,https://www.ah.nl/allerhande/recept/R-R1188650/sterrentosti,15,4.0
2016-11-25,https://www.ah.nl/allerhande/recept/R-R1188647/spinazie-ei-en-avocado-met-geroosterd-brood,11,3.0
2016-11-18,https://www.ah.nl/allerhande/recept/R-R1188570/pittige-beefburger-met-koriandermayo,5,2.0
2016-11-11,https://www.ah.nl/allerhande/recept/R-R1188547/brunchbroodjes-met-snackgroente,13,3.0
2016-11-04,https://www.ah.nl/allerhande/recept/R-R1188528/salade-met-kikkererwten-en-pompoen-van-ella-mills,32,8.0
2016-10-28,https://www.ah.nl/allerhande/recept/R-R1188526/snelle-bloemkoolomelet-met-roerbakgroenten,9,1.0
2016-10-21,https://www.ah.nl/allerhande/recept/R-R1188525/kleurrijke-groentetosti,8,1.0
2016-10-14,https://www.ah.nl/allerhande/recept/R-R1188518/donker-meergranenbrood-met-hummus-en-kiemgroenten,18,3.0
2016-10-07,https://www.ah.nl/allerhande/recept/R-R1188517/volkorenbrood-met-rauwe-ham-en-paddenstoelenomelet,8,3.0
2016-09-30,https://www.ah.nl/allerhande/recept/R-R1188516/speltbrood-met-spinaziespread-avocado-en-kaas,27,4.0
2016-09-23,https://www.ah.nl/allerhande/recept/R-R1188411/couscoussalade-met-geitenkaas-avocado-en-kiemgroente,25,4.0
2016-09-16,https://www.ah.nl/allerhande/recept/R-R1188396/meergranentosti-met-rookvlees,32,5.0
2016-09-09,https://www.ah.nl/allerhande/recept/R-R1188380/stokbrood-gezond-xl-met-boerenkaas,26,7.0
2016-09-02,https://www.ah.nl/allerhande/recept/R-R1188363/vegetarische-boekweitwraps-met-hummus,6,2.0
2016-08-26,https://www.ah.nl/allerhande/recept/R-R1188282/frispittige-doperwtensoep-met-soepstengels,13,4.0
2016-08-19,https://www.ah.nl/allerhande/recept/R-R1188266/tex-mexsalade-met-ovengeroosterde-zoete-aardappel,13,3.0
2016-08-12,https://www.ah.nl/allerhande/recept/R-R1188249/brunchbowl-met-cottagecheese-ei-avocado-en-sla,19,3.0
2016-08-05,https://www.ah.nl/allerhande/recept/R-R1188176/sushisandwich-met-rivierkreeftjes-en-avocado,21,9.0
2016-07-29,https://www.ah.nl/allerhande/recept/R-R1188163/geroosterd-roggebrood-met-haring-in-zure-room,14,5.0
2016-07-22,https://www.ah.nl/allerhande/recept/R-R1188006/heerlijk-belegde-knackebrodpuntjes,6,1.0
2016-07-15,https://www.ah.nl/allerhande/recept/R-R1187993/prei-paddenstoelenomelet-met-volkorenbrood,18,4.0
2016-07-08,https://www.ah.nl/allerhande/recept/R-R1187992/volkorentoast-met-avocado,5,1.0
2016-07-01,https://www.ah.nl/allerhande/recept/R-R1187961/tomatensoep-in-een-weckpot,34,5.0
2016-06-24,https://www.ah.nl/allerhande/recept/R-R1187950/broodje-milanese-met-parrano-snippers,7,2.0
2016-06-17,https://www.ah.nl/allerhande/recept/R-R1187813/sandwich-met-vega-smeerworst-en-gekarameliseerde-uien,23,8.0
2016-06-10,https://www.ah.nl/allerhande/recept/R-R1187755/naan-met-pompoenspread-of-pittige-avocado-en-ei,14,3.0
2016-06-03,https://www.ah.nl/allerhande/recept/R-R1187681/pistoletje-met-japanse-tonijnsalade,33,5.0
2016-05-27,https://www.ah.nl/allerhande/recept/R-R1187614/paddenstoelen-met-tijm-op-toast,12,3.0
2016-05-20,https://www.ah.nl/allerhande/recept/R-R1187584/heldere-italiaanse-paddenstoelensoep,22,5.0
2016-05-13,https://www.ah.nl/allerhande/recept/R-R1187578/quiche-met-kip-en-groente,9,3.0
2016-05-06,https://www.ah.nl/allerhande/recept/R-R1187573/wolkenbroodjes,34,4.0
2016-04-29,https://www.ah.nl/allerhande/recept/R-R1187569/meergranenpuntje-met-bietenspread-en-komkommer,25,3.0
2016-04-22,https://www.ah.nl/allerhande/recept/R-R1187568/meergranenwrap-met-roomkaas-ham-groente-en-basilicum,8,2.0
2016-04-15,https://www.ah.nl/allerhande/recept/R-R1187538/open-sandwich-met-appel-kaneel-en-amandel,21,4.0
2016-04-08,https://www.ah.nl/allerhande/recept/R-R1187535/saucijzenbroodjes-met-kip-en-pompoen,13,2.0
2016-04-01,https://www.ah.nl/allerhande/recept/R-R1187486/lunchpasta-met-artisjok-en-peen-julienne,22,4.0
2016-03-25,https://www.ah.nl/allerhande/recept/R-R1187476/piadina-met-tonijn-rode-ui-en-rucolasalsa,10,2.0
2016-03-18,https://www.ah.nl/allerhande/recept/R-R1187475/piadina-met-gerookte-kip-sla-en-rode-pesto,10,2.0
2016-03-11,https://www.ah.nl/allerhande/recept/R-R1187455/pittige-pastasalade,23,5.0
2016-03-04,https://www.ah.nl/allerhande/recept/R-R1187452/pastasalade-nicoise-met-tonijn-ansjovis-en-garnalen,26,7.0
2016-02-26,https://www.ah.nl/allerhande/recept/R-R1187443/broodje-sweet-en-sticky-kip,29,5.0
2016-02-19,https://www.ah.nl/allerhande/recept/R-R1187408/pokebowl-zalm,11,4.0
2016-02-12,https://www.ah.nl/allerhande/recept/R-R1187371/wraps-met-perzik-en-gerookte-kipreepjes,28,7.0
2016-02-05,https://www.ah.nl/allerhande/recept/R-R1187341/hotdogs-met-kaas-guacamole-en-tomaat,13,5.0
2016-01-29,https://www.ah.nl/allerhande/recept/R-R1187340/hotdogs-met-uien-bietencompote-en-zure-room,22,6.0
2016-01-22,https://www.ah.nl/allerhande/recept/R-R1187339/broodje-hotdog-met-spek-zuurkool-en-mosterd,33,9.0
2016-01-15,https://www.ah.nl/allerhande/recept/R-R1187299/kimchitosti,30,12.0
2016-01-08,https://www.ah.nl/allerhande/recept/R-R1187278/snelle-lunchsalade-met-geitenkaas,18,1.0
2016-01-01,https://www.ah.nl/allerhande/recept/R-R1187227/wentelteefjes-met-gemarineerde-aardbeien,20,5.0
2015-12-25,https://www.ah.nl/allerhande/recept/R-R1187223/steakstokbrood-met-chimichurri,12,4.0
2015-12-18,https://www.ah.nl/allerhande/recept/R-R1187108/platbrood-en-avocadopuree-met-tahin-en-olijven,18,3.0
2015-12-11,https://www.ah.nl/allerhande/recept/R-R1187097/kipwraps-met-mango-en-limoenmayonaise,29,6.0
2015-12-04,https://www.ah.nl/allerhande/recept/R-R1187096/stokbroodje-met-zalm-en-waterkers,5,1.0
2015-11-27,https://www.ah.nl/allerhande/recept/R-R1187083/grillburger,20,2.0
2015-11-20,https://www.ah.nl/allerhande/recept/R-R1187082/vegaburger,13,2.0
2015-11-13,https://www.ah.nl/allerhande/recept/R-R1187081/visburger,33,4.0
2015-11-06,https://www.ah.nl/allerhande/recept/R-R1187066/tuinkruidensoep,17,4.0
2015-10-30,https://www.ah.nl/allerhande/recept/R-R1187047/geroosterd-brood-en-radijssalade,9,3.0
2015-10-23,https://www.ah.nl/allerhande/recept/R-R1187019/sesam-komijnwentelteefjes-met-spinazie,28,6.0
2015-10-16,https://www.ah.nl/allerhande/recept/R-R1186959/groene-aspergefrittata-met-verse-kruiden,16,4.0
2015-10-09,https://www.ah.nl/allerhande/recept/R-R1186958/snelle-eggs-benedict-met-asperges-en-zalm,16,4.0
2015-10-02,https://www.ah.nl/allerhande/recept/R-R1186909/tosti-makreel-avocado,20,4.0
2015-09-25,https://www.ah.nl/allerhande/recept/R-R1186908/tosti-geitenkaas-honingraat,29,5.0
2015-09-18,https://www.ah.nl/allerhande/recept/R-R1186907/tosti-truffel-salami,27,5.0
2015-09-11,https://www.ah.nl/allerhande/recept/R-R1186894/mara-grimm-shakshuka-tomatenstoof-met-ei-en-venkel,26,11.0
2015-09-04,https://www.ah.nl/allerhande/recept/R-R1186893/mara-grimms-sabich-pitasandwich-met-aubergine-en-ei,33,15.0
2015-08-28,https://www.ah.nl/allerhande/recept/R-R1186821/pepperonibagel,23,5.0
2015-08-21,https://www.ah.nl/allerhande/recept/R-R1186820/krokante-minitortilla-s-met-geitenkaas-en-avocado,15,2.0
2015-08-14,https://www.ah.nl/allerhande/recept/R-R1186666/bananen-wortelmuffin-met-pecannoten,24,5.0
2015-08-07,https://www.ah.nl/allerhande/recept/R-R1186664/volkorenclubsandwich-met-ei-zalm-en-komkommer,30,7.0
2015-07-31,https://www.ah.nl/allerhande/recept/R-R1186663/stevige-groentesoep,23,5.0
2015-07-24,https://www.ah.nl/allerhande/recept/R-R1186662/stevige-speltsandwich-met-bieslook-peterselieomelet,28,4.0
2015-07-17,https://www.ah.nl/allerhande/recept/R-R1186660/salade-van-veldsla-peer-en-ham,5,1.0
2015-07-10,https://www.ah.nl/allerhande/recept/R-R1186646/omelet-met-zalm-en-groente,30,4.0
2015-07-03,https://www.ah.nl/allerhande/recept/R-R1186644/broodje-kaas,19,3.0
2015-06-26,https://www.ah.nl/allerhande/recept/R-R1186643/koolwrap-met-tonijn-appel-en-wortel,12,3.0
2015-06-19,https://www.ah.nl/allerhande/recept/R-R1186642/volkorentoast-met-avocado,29,6.0
2015-06-12,https://www.ah.nl/allerhande/recept/R-R1186530/couscous-met-kakifruit-geitenkaas-en-harissa,21,6.0
2015-06-05,https://www.ah.nl/allerhande/recept/R-R1186506/reuben-sandwich-pastrami,19,4.0
2015-05-29,https://www.ah.nl/allerhande/recept/R-R1186256/italiaanse-bol-met-avocado-en-eendenborstfilet,21,5.0
2015-05-22,https://www.ah.nl/allerhande/recept/R-R1186252/omelet-met-gehakt-en-cavolo-nero,13,5.0
2015-05-15,https://www.ah.nl/allerhande/recept/R-R1186207/volkorentoast-met-spinazie-rookvlees-en-ei,6,1.0
2015-05-08,https://www.ah.nl/allerhande/recept/R-R1186206/crackers-met-fruitspread-en-magere-kwark,17,3.0
2015-05-01,https://www.ah.nl/allerhande/recept/R-R1186147/toast-met-gerookte-haring-en-radijs,25,5.0
2015-04-24,https://www.ah.nl/allerhande/recept/R-R1186146/salade-van-babyboerenkool-shiitake-en-peer,18,7.0
2015-04-17,https://www.ah.nl/allerhande/recept/R-R1186065/parelcouscous-met-salami-en-venkel,26,4.0
2015-04-10,https://www.ah.nl/allerhande/recept/R-R1186064/risosalade-met-makreel-rode-biet-en-rucola,29,7.0
2015-04-03,https://www.ah.nl/allerhande/recept/R-R1186020/pastasalade-met-aubergine-en-macadamiamix,18,5.0
2015-03-27,https://www.ah.nl/allerhande/recept/R-R1185965/texmexsandwich-met-jalapenoburger,27,7.0
2015-03-20,https://www.ah.nl/allerhande/recept/R-R1185964/stokbrood-met-mozzarella-kip-en-kersen,6,1.0
2015-03-13,https://www.ah.nl/allerhande/recept/R-R1185950/jet-van-nieuwkerks-oosterse-zomersalade,10,3.0
2015-03-06,https://www.ah.nl/allerhande/recept/R-R1185949/amayzines-fruitige-vegasalade,27,6.0
2015-02-27,https://www.ah.nl/allerhande/recept/R-R1185947/citymoms-honnysalade,13,4.0
2015-02-20,https://www.ah.nl/allerhande/recept/R-R1185946/chef-met-lefs-biefstuksalade,31,7.0
2015-02-13,https://www.ah.nl/allerhande/recept/R-R1185943/healthyfans-falafelsalade,33,7.0
2015-02-06,https://www.ah.nl/allerhande/recept/R-R1185942/work-that-es-energierijke-salade,27,7.0
2015-01-30,https://www.ah.nl/allerhande/recept/R-R1185941/girls-love-healthy-s-zomerse-salade,11,3.0
2015-01-23,https://www.ah.nl/allerhande/recept/R-R1185940/lisa-goes-vegans-frisse-tofusalade,9,3.0
2015-01-16,https://www.ah.nl/allerhande/recept/R-R1185939/en-suus-buik-weg-salade,10,3.0
2015-01-09,https://www.ah.nl/allerhande/recept/R-R1185938/annemerels-verleidelijke-salade,22,5.0
2015-01-02,https://www.ah.nl/allerhande/recept/R-R1185937/lovely-by-lucy-s-garnalensalade,19,4.0
2014-12-26,https://www.ah.nl/allerhande/recept/R-R1185936/cotton-en-creams-mediterrane-salade,12,3.0
2014-12-19,https://www.ah.nl/allerhande/recept/R-R1185935/fashion-containers-kip-auberginesalade,25,5.0
2014-12-12,https://www.ah.nl/allerhande/recept/R-R1185934/freckles-en-foods-geitenkaassalade,5,1.0
2014-12-05,https://www.ah.nl/allerhande/recept/R-R1185933/anna-rikes-courgettesalade,14,3.0
2014-11-28,https://www.ah.nl/allerhande/recept/R-R1185932/moderosa-s-frisse-mix-salade,26,4.0
2014-11-21,https://www.ah.nl/allerhande/recept/R-R1185931/mytravelboektjes-forelsalade,5,2.0
2014-11-14,https://www.ah.nl/allerhande/recept/R-R1185930/chickslovefoods-meloen-fetasalade,29,6.0
2014-11-07,https://www.ah.nl/allerhande/recept/R-R1185929/beautylabs-aziatische-salade,19,5.0
2014-10-31,https://www.ah.nl/allerhande/recept/R-R1185922/merel-en-tessa-s-mango-dadelsalade,32,7.0
2014-10-24,https://www.ah.nl/allerhande/recept/R-R1185913/gazpacho-van-kropsla-tuinerwten-en-bieslook,15,4.0
2014-10-17,https://www.ah.nl/allerhande/recept/R-R1185881/haring-bietensalade-met-veldsla-en-mierikswortel,16,3.0
2014-10-10,https://www.ah.nl/allerhande/recept/R-R1185862/roggebrood-met-noten-en-bessen,9,3.0
2014-10-03,https://www.ah.nl/allerhande/recept/R-R1185845/thaise-hotdogs-met-currymayo-en-gebakken-uitjes,29,7.0
2014-09-26,https://www.ah.nl/allerhande/recept/R-R1185840/sandwich-tonnato,27,4.0
2014-09-19,https://www.ah.nl/allerhande/recept/R-R1185767/lunchwrap-met-aardbeien-avocado-en-mango,18,4.0
2014-09-12,https://www.ah.nl/allerhande/recept/R-R1185751/groentecalzone,32,11.0
2014-09-05,https://www.ah.nl/allerhande/recept/R-R1185717/kipschnitzelburger-met-mozzarella,20,6.0
2014-08-29,https://www.ah.nl/allerhande/recept/R-R1185701/scrambled-tofu-met-tomaat,9,2.0
2014-08-22,https://www.ah.nl/allerhande/recept/R-R1185689/paddenstoelensoep-met-raapstelenpesto,32,8.0
2014-08-15,https://www.ah.nl/allerhande/recept/R-R1185659/overnight-oats-met-sinaasappelsap,17,3.0
2014-08-08,https://www.ah.nl/allerhande/recept/R-R1185648/salade-met-ovengeroosterde-tomaten-sperziebonen-en-sesamdressing,28,6.0
2014-08-01,https://www.ah.nl/allerhande/recept/R-R1185645/salade-van-wortel-rode-biet-linzen-en-gerookte-zalm,18,3.0
2014-07-25,https://www.ah.nl/allerhande/recept/R-R1185641/pastasalade-met-yoghurt-baharat-en-aubergine,11,3.0
2014-07-18,https://www.ah.nl/allerhande/recept/R-R1185639/rens-kroes-superfood-granola,24,2.0
2014-07-11,https://www.ah.nl/allerhande/recept/R-R1185631/tosti-pikante-sandwichspread-champignons-en-kaas,21,5.0
2014-07-04,https://www.ah.nl/allerhande/recept/R-R1185627/clubsandwich-met-omelet-parmezaan-en-verse-kruiden,7,3.0
2014-06-27,https://www.ah.nl/allerhande/recept/R-R1185580/bagel-caprese,15,3.0
2014-06-20,https://www.ah.nl/allerhande/recept/R-R1185563/aardappelsalade-met-gerookte-zalm,24,8.0
2014-06-13,https://www.ah.nl/allerhande/recept/R-R1185562/bloemkool-kikkererwtensalade,7,3.0
2014-06-06,https://www.ah.nl/allerhande/recept/R-R1185559/vlechtbrood-met-maanzaad,25,9.0
2014-05-30,https://www.ah.nl/allerhande/recept/R-R1185557/oosterse-salade-met-sesamdressing,26,8.0
2014-05-23,https://www.ah.nl/allerhande/recept/R-R1185556/thaise-kip-noedelsalade,33,10.0
2014-05-16,https://www.ah.nl/allerhande/recept/R-R1185554/dominique-persoones-croque-choc,26,9.0
2014-05-09,https://www.ah.nl/allerhande/recept/R-R1185531/ontbijtquiches-van-brood-spek-en-ei,11,2.0
2014-05-02,https://www.ah.nl/allerhande/recept/R-R1185524/zoete-mini-quiches-van-krentenbrood,20,4.0
2014-04-25,https://www.ah.nl/allerhande/recept/R-R1185523/zelfgemaakte-pindakaas,15,3.0
2014-04-18,https://www.ah.nl/allerhande/recept/R-R1185522/zelfgemaakte-nutella,10,3.0
2014-04-11,https://www.ah.nl/allerhande/recept/R-R1185521/panini-met-ricotta-citroen-en-aspergetips,9,2.0
2014-04-04,https://www.ah.nl/allerhande/recept/R-R1185520/panini-met-mozzarella-abrikoos-en-prosciutto,29,5.0
2014-03-28,https://www.ah.nl/allerhande/recept/R-R1185514/zelfgemaakte-eiersalade,24,4.0
2014-03-21,https://www.ah.nl/allerhande/recept/R-R1185443/koolsalade-met-gerookte-zalm-op-knackebrod,11,2.0
2014-03-14,https://www.ah.nl/allerhande/recept/R-R1185341/witbrood-met-zalm-zuivelspread-en-tuinkers,11,3.0
2014-03-07,https://www.ah.nl/allerhande/recept/R-R1185340/meerzaden-met-fricandeau-pesto-en-tomaat,33,2.0
2014-02-28,https://www.ah.nl/allerhande/recept/R-R1185339/rogge-met-hummus-en-gerookte-kip,31,3.0
2014-02-21,https://www.ah.nl/allerhande/recept/R-R1185304/stokbrood,21,7.0
2014-02-14,https://www.ah.nl/allerhande/recept/R-R1185300/maanzaadbolletjes,32,8.0
2014-02-07,https://www.ah.nl/allerhande/recept/R-R1185290/hamburgerbroodjes,16,4.0
2014-01-31,https://www.ah.nl/allerhande/recept/R-R1185284/glutenvrij-pompoen-boekweitbrood,17,4.0
2014-01-24,https://www.ah.nl/allerhande/recept/R-R1185259/broodje-kip-met-pittige-boerenkool,25,8.0
2014-01-17,https://www.ah.nl/allerhande/recept/R-R1185214/panettone,31,13.0
2014-01-10,https://www.ah.nl/allerhande/recept/R-R1185187/taleggiotosti,24,4.0
2014-01-03,https://www.ah.nl/allerhande/recept/R-R1185185/kerststol,10,4.0
2013-12-27,https://www.ah.nl/allerhande/recept/R-R1185161/caesartosti,26,7.0
2013-12-20,https://www.ah.nl/allerhande/recept/R-R1185062/paddenstoelenomelet,21,4.0
2013-12-13,https://www.ah.nl/allerhande/recept/R-R1178260/mueslibrood,32,10.0
2013-12-06,https://www.ah.nl/allerhande/recept/R-R1178204/heel-holland-bakt-olijven-tijmbrood,6,3.0
2013-11-29,https://www.ah.nl/allerhande/recept/R-R1149274/kippensoep-met-venkel-en-linzen,15,4.0
2013-11-22,https://www.ah.nl/allerhande/recept/R-R1149268/rijstsalade-met-tonijn-en-aspergebroccoli,13,2.0
2013-11-15,https://www.ah.nl/allerhande/recept/R-R1149262/roerei-met-romaatjes-op-toast,17,6.0
2013-11-08,https://www.ah.nl/allerhande/recept/R-R1149254/turkse-pizza-met-puntpaprika,26,4.0
2013-11-01,https://www.ah.nl/allerhande/recept/R-R1149248/stephane-reynaud-s-provencaalse-taart,10,3.0
2013-10-25,https://www.ah.nl/allerhande/recept/R-R1149240/linzensalade-met-biet-en-geitenkaas,33,4.0
2013-10-18,https://www.ah.nl/allerhande/recept/R-R1149228/sandwich-zalm-met-kruidenmayonaise,20,3.0
2013-10-11,https://www.ah.nl/allerhande/recept/R-R1149210/aardappelen-a-la-nicoise,10,3.0
2013-10-04,https://www.ah.nl/allerhande/recept/R-R1149208/croque-monsieur,34,6.0
2013-09-27,https://www.ah.nl/allerhande/recept/R-R1149196/zalmtartaar-met-mieriksmayo,32,11.0
2013-09-20,https://www.ah.nl/allerhande/recept/R-R1130634/huzarensalade-in-babyromainesla,32,11.0
2013-09-13,https://www.ah.nl/allerhande/recept/R-R1130600/pizzabaguettes-met-paprika-en-salami,31,3.0
2013-09-06,https://www.ah.nl/allerhande/recept/R-R1130588/trio-van-bruschette,24,8.0
2013-08-30,https://www.ah.nl/allerhande/recept/R-R1130572/tosti-geitenkaas-tomaat-met-bietjessalade,11,1.0
2013-08-23,https://www.ah.nl/allerhande/recept/R-R1130568/toast-met-gerookte-zalm,11,2.0
2013-08-16,https://www.ah.nl/allerhande/recept/R-R1114020/kleine-tortilla-s-met-hollandse-nieuwe,20,4.0
2013-08-09,https://www.ah.nl/allerhande/recept/R-R1112352/zoete-aardappelsalade-met-yoghurt,19,6.0
2013-08-02,https://www.ah.nl/allerhande/recept/R-R1112346/rijstsalade-met-zwarte-bonen,18,3.0
2013-07-26,https://www.ah.nl/allerhande/recept/R-R1112338/pitabroodje-met-worst-en-komkommer,32,5.0
2013-07-19,https://www.ah.nl/allerhande/recept/R-R1112322/sandwich-met-gepocheerde-kip-en-koolsalade,5,2.0
2013-07-12,https://www.ah.nl/allerhande/recept/R-R1100689/quiche-in-een-mok,23,3.0
2013-07-05,https://www.ah.nl/allerhande/recept/R-R1100687/iers-sodabrood-met-hazelnoten-en-rozijnen,23,4.0
2013-06-28,https://www.ah.nl/allerhande/recept/R-R1090406/vruchtenbrood-met-gedroogde-bessen-en-noten,29,6.0
2013-06-21,https://www.ah.nl/allerhande/recept/R-R1090404/glutenvrije-taart-met-spinazie-zaden-en-avocado,24,4.0
2013-06-14,https://www.ah.nl/allerhande/recept/R-R1088592/omelet-met-huttenkase-en-basilicum,17,3.0
2013-06-07,https://www.ah.nl/allerhande/recept/R-R1088586/miniquiches-met-groene-asperges-en-garnalen,10,3.0
2013-05-31,https://www.ah.nl/allerhande/recept/R-R1088558/gevuld-picknickbrood,30,7.0
2013-05-24,https://www.ah.nl/allerhande/recept/R-R1088534/avocado-en-hummus-op-brood,30,3.0
2013-05-17,https://www.ah.nl/allerhande/recept/R-R1088530/salade-van-zeekraal-krieltjes-en-garnalen,28,6.0
2013-05-10,https://www.ah.nl/allerhande/recept/R-R1088510/ovenomelet-met-prei-en-spinazie,6,2.0
2013-05-03,https://www.ah.nl/allerhande/recept/R-R1064564/brunch-garnalencocktail,23,4.0
2013-04-26,https://www.ah.nl/allerhande/recept/R-R1064538/courgettetaart-met-geitenkaas-en-beenham,8,3.0
2013-04-19,https://www.ah.nl/allerhande/recept/R-R1055406/vietnamese-salade-met-garnalen,6,3.0
2013-04-12,https://www.ah.nl/allerhande/recept/R-R1038462/wittebonensalade-met-tonijn,32,5.0
2013-04-05,https://www.ah.nl/allerhande/recept/R-R983862/american-pancakes-met-appelcompote-en-spek,14,6.0
2013-03-29,https://www.ah.nl/allerhande/recept/R-R983838/uienpizza-met-makreel,14,4.0
2013-03-22,https://www.ah.nl/allerhande/recept/R-R961578/salade-met-groene-asperges-en-ansjovis,22,5.0
2013-03-15,https://www.ah.nl/allerhande/recept/R-R961514/gebakken-mozzarellatosti,22,6.0
2013-03-08,https://www.ah.nl/allerhande/recept/R-R951666/mosselen-met-venkel-en-pastis,17,4.0
2013-03-01,https://www.ah.nl/allerhande/recept/R-R951664/mosselen-met-kruiden-en-bleekselderij,16,4.0
2013-02-22,https://www.ah.nl/allerhande/recept/R-R951662/mosselen-op-z-n-italiaans,21,5.0
2013-02-15,https://www.ah.nl/allerhande/recept/R-R951660/oosterse-mosselen,30,6.0
2013-02-08,https://www.ah.nl/allerhande/recept/R-R951658/mosselen-met-paprika-en-olijven,22,4.0
2013-02-01,https://www.ah.nl/allerhande/recept/R-R951582/steakstokbrood-met-rode-ui-en-mierikswortel,6,2.0
2013-01-25,https://www.ah.nl/allerhande/recept/R-R951548/griekse-couscous,5,1.0
2013-01-18,https://www.ah.nl/allerhande/recept/R-R940696/salade-met-graskaas-en-jalapenos,27,6.0
2013-01-11,https://www.ah.nl/allerhande/recept/R-R940694/3-tosti-s-met-graskaas,13,4.0
2013-01-04,https://www.ah.nl/allerhande/recept/R-R940692/omelet,5,2.0
2012-12-28,https://www.ah.nl/allerhande/recept/R-R940690/chinese-omelet,15,2.0
2012-12-21,https://www.ah.nl/allerhande/recept/R-R940638/volkorenbrood-geitenkaas-spek-stroop,10,2.0
2012-12-14,https://www.ah.nl/allerhande/recept/R-R940636/open-sandwich-rookvlees-tomaat,27,4.0
2012-12-07,https://www.ah.nl/allerhande/recept/R-R940634/baguette-brie-rucola-notenboter,20,3.0
2012-11-30,https://www.ah.nl/allerhande/recept/R-R940632/ciabatta-salami-kaas-tapenade,9,1.0
2012-11-23,https://www.ah.nl/allerhande/recept/R-R940630/broodje-ossenworst-mozzarella,10,2.0
2012-11-16,https://www.ah.nl/allerhande/recept/R-R940628/clubsandwich-kip-krab-avocado,24,3.0
2012-11-09,https://www.ah.nl/allerhande/recept/R-R940626/open-stevig-donker-meergranensandwich-rosbief-tonijn,14,4.0
2012-11-02,https://www.ah.nl/allerhande/recept/R-R940456/omelet-arnold-bennett,9,1.0
2012-10-26,https://www.ah.nl/allerhande/recept/R-R940454/franse-omelet,15,3.0
2012-10-19,https://www.ah.nl/allerhande/recept/R-R911348/garnalencocktail-met-basilicum,26,7.0
2012-10-12,https://www.ah.nl/allerhande/recept/R-R911262/knapperige-salade,14,2.0
2012-10-05,https://www.ah.nl/allerhande/recept/R-R911260/gravad-lachs-gemarineerde-zalm,22,5.0
2012-09-28,https://www.ah.nl/allerhande/recept/R-R900698/banh-mi-vietnamees-broodje,5,2.0
2012-09-21,https://www.ah.nl/allerhande/recept/R-R900676/amerikaanse-caesar-salad,31,9.0
2012-09-14,https://www.ah.nl/allerhande/recept/R-R900674/philly-cheese-steak-sandwich,29,9.0
2012-09-07,https://www.ah.nl/allerhande/recept/R-R896850/dubbeldekker-kip-komkommer,11,2.0
2012-08-31,https://www.ah.nl/allerhande/recept/R-R896848/frisse-sandwich-met-eiersalade,28,5.0
2012-08-24,https://www.ah.nl/allerhande/recept/R-R896844/pannenkoeken-met-appel,19,7.0
2012-08-17,https://www.ah.nl/allerhande/recept/R-R861248/salade-nicoise,17,5.0
2012-08-10,https://www.ah.nl/allerhande/recept/R-R853336/avocadosalade-met-rivierkreeftjes-en-sinaasappel,6,2.0
2012-08-03,https://www.ah.nl/allerhande/recept/R-R853310/toast-met-geitenkaas-peer-en-amandel,29,4.0
2012-07-27,https://www.ah.nl/allerhande/recept/R-R845702/broodje-geitenkaas-met-bramen,8,1.0
2012-07-20,https://www.ah.nl/allerhande/recept/R-R845620/pistolet-hotdog-zuurkool-en-katenspek,24,5.0
2012-07-13,https://www.ah.nl/allerhande/recept/R-R839612/sandwich-aardbei,17,3.0
2012-07-06,https://www.ah.nl/allerhande/recept/R-R830874/siciliaanse-knoflookgarnalen,30,10.0
2012-06-29,https://www.ah.nl/allerhande/recept/R-R830872/kabeljauw-hampakketjes,25,6.0
2012-06-22,https://www.ah.nl/allerhande/recept/R-R830870/haringtartaar,24,5.0
2012-06-15,https://www.ah.nl/allerhande/recept/R-R830868/broodje-kerriegarnalen,27,6.0
2012-06-08,https://www.ah.nl/allerhande/recept/R-R830864/mosselpannetje-met-bier,17,7.0
2012-06-01,https://www.ah.nl/allerhande/recept/R-R830848/forelbroodje-met-citroenmayo,33,10.0
2012-05-25,https://www.ah.nl/allerhande/recept/R-R830846/vegan-wraps-met-hummus-en-gegrilde-paprika,17,4.0
2012-05-18,https://www.ah.nl/allerhande/recept/R-R830844/indische-gehaktballetjes-met-zoete-saus,29,6.0
2012-05-11,https://www.ah.nl/allerhande/recept/R-R830842/zoet-brood-gevuld-met-fruit,26,7.0
2012-05-04,https://www.ah.nl/allerhande/recept/R-R828714/vaderdagsalade,12,3.0
2012-04-27,https://www.ah.nl/allerhande/recept/R-R826190/avocadosalade-met-hollandse-garnalen-en-mango,23,3.0
2012-04-20,https://www.ah.nl/allerhande/recept/R-R824348/aardbeienscones,14,5.0
2012-04-13,https://www.ah.nl/allerhande/recept/R-R818512/toast-aardbeien-en-basilicum,25,3.0
2012-04-06,https://www.ah.nl/allerhande/recept/R-R812206/clubsandwich-1975,18,4.0
2012-03-30,https://www.ah.nl/allerhande/recept/R-R812204/clubsandwich-met-radijs,5,2.0
2012-03-23,https://www.ah.nl/allerhande/recept/R-R793738/kip-komkommersandwich,21,3.0
2012-03-16,https://www.ah.nl/allerhande/recept/R-R793736/ontbijtkoek-sandwich,27,3.0
2012-03-09,https://www.ah.nl/allerhande/recept/R-R793734/pizzatosti,10,1.0
2012-03-02,https://www.ah.nl/allerhande/recept/R-R793732/tomaat-kaastosti,17,2.0
2012-02-24,https://www.ah.nl/allerhande/recept/R-R785906/broodje-rosbief-met-gebakken-sjalot,24,4.0
2012-02-17,https://www.ah.nl/allerhande/recept/R-R785840/broodje-rookworst-met-piccalilly,23,7.0
2012-02-10,https://www.ah.nl/allerhande/recept/R-R785824/salade-met-biet-en-chorizo,8,2.0
2012-02-03,https://www.ah.nl/allerhande/recept/R-R780214/kalkoensandwich-met-dragonmayonaise,9,2.0
2012-01-27,https://www.ah.nl/allerhande/recept/R-R733304/komkommersandwich,15,4.0
2012-01-20,https://www.ah.nl/allerhande/recept/R-R733252/shoarmatosti-met-tomatensalsa,10,2.0
2012-01-13,https://www.ah.nl/allerhande/recept/R-R733250/stokje-steak,29,9.0
2012-01-06,https://www.ah.nl/allerhande/recept/R-R733248/sandwich-pollo-tonato,17,3.0
2011-12-30,https://www.ah.nl/allerhande/recept/R-R733244/ciabatta-met-tonijn-ei-en-paprika,27,6.0
2011-12-23,https://www.ah.nl/allerhande/recept/R-R726340/pastasalade-met-tonijn,7,2.0
2011-12-16,https://www.ah.nl/allerhande/recept/R-R721584/bruschetta-met-gegrilde-courgette,20,4.0
2011-12-09,https://www.ah.nl/allerhande/recept/R-R721582/bruschetta-met-gegrilde-tomaat,7,3.0
2011-12-02,https://www.ah.nl/allerhande/recept/R-R710922/clubsandwich-met-ei-kip-en-avocado,23,4.0
2011-11-25,https://www.ah.nl/allerhande/recept/R-R705510/omelet-met-groene-kruiden,15,3.0
2011-11-18,https://www.ah.nl/allerhande/recept/R-R704218/chinese-tomatensoep,33,11.0
2011-11-11,https://www.ah.nl/allerhande/recept/R-R694716/tortillasandwich-met-kip-en-avocado,22,6.0
2011-11-04,https://www.ah.nl/allerhande/recept/R-R694708/sandwich-met-tonijn-citroensalade,23,3.0
2011-10-28,https://www.ah.nl/allerhande/recept/R-R694704/sandwich-rosbief-met-mierikswortelkaas,10,1.0
2011-10-21,https://www.ah.nl/allerhande/recept/R-R694700/pita-clubsandwich-met-tzatziki,13,3.0
2011-10-14,https://www.ah.nl/allerhande/recept/R-R694696/warme-sandwich-met-paddestoelen,19,4.0
2011-10-07,https://www.ah.nl/allerhande/recept/R-R694690/pitasandwich-met-aubergine-en-blauwaderkaas,10,3.0
2011-09-30,https://www.ah.nl/allerhande/recept/R-R694688/nori-clubsandwich-met-zalm-en-roerei,18,3.0
2011-09-23,https://www.ah.nl/allerhande/recept/R-R694682/zuurdesemsandwich-met-makreelsalade,25,5.0
2011-09-16,https://www.ah.nl/allerhande/recept/R-R694678/open-sandwich-met-mozzarella-en-rode-paprika,30,4.0
2011-09-09,https://www.ah.nl/allerhande/recept/R-R694674/grove-sandwich-met-zalm-en-waterkers,7,2.0
2011-09-02,https://www.ah.nl/allerhande/recept/R-R694650/spaanse-clubsandwich-met-chorizo-en-omelet,6,3.0
2011-08-26,https://www.ah.nl/allerhande/recept/R-R694644/open-sandwich-met-eendenborst-en-rode-uienmarmelade,10,3.0
2011-08-19,https://www.ah.nl/allerhande/recept/R-R694634/open-sandwich-met-gesmolten-kaas-en-tomaat,18,3.0
2011-08-12,https://www.ah.nl/allerhande/recept/R-R694626/oosterse-sandwich-met-krabsalade,23,4.0
2011-08-05,https://www.ah.nl/allerhande/recept/R-R694618/focacciasandwich-met-carpaccio-en-tomatenmayonaise,34,8.0
2011-07-29,https://www.ah.nl/allerhande/recept/R-R694614/pitasandwich-met-kruidige-hamburger,30,7.0
2011-07-22,https://www.ah.nl/allerhande/recept/R-R694608/paddestoelensandwich-met-artisjokharten-en-chaumes,19,4.0
2011-07-15,https://www.ah.nl/allerhande/recept/R-R694606/waldkornsandwich-met-garnalen-zeekraalsalade,24,3.0
2011-07-08,https://www.ah.nl/allerhande/recept/R-R694602/roggebroodsandwich-met-eiersalade-en-aspergetips,32,5.0
2011-07-01,https://www.ah.nl/allerhande/recept/R-R694420/sandwichrolletjes-met-citroenolijven,11,3.0
2011-06-24,https://www.ah.nl/allerhande/recept/R-R694418/amerikaanse-blt-sandwich-met-reepjes-ijsbergsla,15,3.0
2011-06-17,https://www.ah.nl/allerhande/recept/R-R694414/clubsandwich-met-rucolacreme-garnalen-en-kip,13,3.0
2011-06-10,https://www.ah.nl/allerhande/recept/R-R694412/beschuitbolpanini-met-geitenkaas,19,2.0
2011-06-03,https://www.ah.nl/allerhande/recept/R-R694406/focacciasandwich-met-rucola-en-abdijkaas,19,4.0
2011-05-27,https://www.ah.nl/allerhande/recept/R-R694402/mueslisandwich-met-geitenkaas,22,3.0
2011-05-20,https://www.ah.nl/allerhande/recept/R-R674418/ui-spek-frittata,11,4.0
2011-05-13,https://www.ah.nl/allerhande/recept/R-R669450/briochetulband,12,3.0
2011-05-06,https://www.ah.nl/allerhande/recept/R-R668616/omeletrolletjes-met-nori-en-zalm,15,4.0
2011-04-29,https://www.ah.nl/allerhande/recept/R-R665420/kerriequiche,9,3.0
2011-04-22,https://www.ah.nl/allerhande/recept/R-R665416/bloemkoolquiche,11,3.0
2011-04-15,https://www.ah.nl/allerhande/recept/R-R665410/kipquiche,23,5.0
2011-04-08,https://www.ah.nl/allerhande/recept/R-R665408/ratatouillequiche,6,2.0
2011-04-01,https://www.ah.nl/allerhande/recept/R-R665374/uiensoep-met-gruyeretoast,10,4.0
2011-03-25,https://www.ah.nl/allerhande/recept/R-R665366/paprikaquiche,21,4.0
2011-03-18,https://www.ah.nl/allerhande/recept/R-R665332/broccoliquiche,5,1.0
2011-03-11,https://www.ah.nl/allerhande/recept/R-R660050/rauwkostsandwich-en-broodje-kip,13,2.0
2011-03-04,https://www.ah.nl/allerhande/recept/R-R660048/sesambol-gehakt-en-zoete-pannenkoek,7,1.0
2011-02-25,https://www.ah.nl/allerhande/recept/R-R660032/gerookte-zalm-in-citroenolie-met-dille-aardappeltjes,13,4.0
2011-02-18,https://www.ah.nl/allerhande/recept/R-R660030/aardappelsalade-van-birgit,25,8.0
2011-02-11,https://www.ah.nl/allerhande/recept/R-R646796/sandwich-forel,29,3.0
2011-02-04,https://www.ah.nl/allerhande/recept/R-R646794/pitabroodje-paprika,22,3.0
2011-01-28,https://www.ah.nl/allerhande/recept/R-R646792/broodje-bal-en-piccalilly-mayo,11,4.0
2011-01-21,https://www.ah.nl/allerhande/recept/R-R646790/notenbroodje-geitenkaas,29,5.0
2011-01-14,https://www.ah.nl/allerhande/recept/R-R646788/stokje-beenham-en-bieslookboter,29,6.0
2011-01-07,https://www.ah.nl/allerhande/recept/R-R646786/kampioentje-rauwe-ham,17,4.0
2010-12-31,https://www.ah.nl/allerhande/recept/R-R646784/croissant-brie,18,3.0
2010-12-24,https://www.ah.nl/allerhande/recept/R-R646782/ciabatta-huttenkase,25,5.0
2010-12-17,https://www.ah.nl/allerhande/recept/R-R646780/pistolet-gerookte-kip-en-mango,5,1.0
2010-12-10,https://www.ah.nl/allerhande/recept/R-R646752/smikkelbrood-van-mieke,33,5.0
2010-12-03,https://www.ah.nl/allerhande/recept/R-R646702/eiersalade-sandwich-met-tomaat,25,5.0
2010-11-26,https://www.ah.nl/allerhande/recept/R-R626160/broodje-braadworst,5,2.0
2010-11-19,https://www.ah.nl/allerhande/recept/R-R621246/sandwich-rookvlees-avocado,25,3.0
2010-11-12,https://www.ah.nl/allerhande/recept/R-R621244/zalmrolls,32,7.0
2010-11-05,https://www.ah.nl/allerhande/recept/R-R621240/cheddarscones,19,5.0
2010-10-29,https://www.ah.nl/allerhande/recept/R-R621202/waldorfsalade-clubsandwich,34,6.0
2010-10-22,https://www.ah.nl/allerhande/recept/R-R621200/scones-zonder-karnemelk,33,5.0
2010-10-15,https://www.ah.nl/allerhande/recept/R-R621076/croque-madame,30,6.0
2010-10-08,https://www.ah.nl/allerhande/recept/R-R615104/mozzarella-tosti,17,4.0
2010-10-01,https://www.ah.nl/allerhande/recept/R-R615042/veggieburger,16,4.0
2010-09-24,https://www.ah.nl/allerhande/recept/R-R607104/broodje-kip-kerrie,23,4.0
2010-09-17,https://www.ah.nl/allerhande/recept/R-R607098/kruidige-burgertjes,25,5.0
2010-09-10,https://www.ah.nl/allerhande/recept/R-R607096/gehaktbrood,22,3.0
2010-09-03,https://www.ah.nl/allerhande/recept/R-R591746/sandwich-met-marokkaanse-schijf,10,2.0
2010-08-27,https://www.ah.nl/allerhande/recept/R-R584440/wittekoolsalade-met-ansjovisdressing,29,7.0
2010-08-20,https://www.ah.nl/allerhande/recept/R-R577408/bolletje-salami-kaas,19,1.0
2010-08-13,https://www.ah.nl/allerhande/recept/R-R577350/tweekleuren-fruitsandwich,11,2.0
2010-08-06,https://www.ah.nl/allerhande/recept/R-R568674/frittata-met-courgette,31,10.0
2010-07-30,https://www.ah.nl/allerhande/recept/R-R568644/cajun-krabburger,32,6.0
2010-07-23,https://www.ah.nl/allerhande/recept/R-R560900/focaccia-maken-basisrecept,26,6.0
2010-07-16,https://www.ah.nl/allerhande/recept/R-R555294/oma-s-haringsalade,24,4.0
2010-07-09,https://www.ah.nl/allerhande/recept/R-R553648/vegetarische-worstjes-met-mosterdmayonaise,14,3.0
2010-07-02,https://www.ah.nl/allerhande/recept/R-R549790/rosbiefsandwich-met-mierikswortelsaus-en-komkommer,26,3.0
2010-06-25,https://www.ah.nl/allerhande/recept/R-R549786/sandwich-met-oude-kaas-en-gegrilde-paprika,24,3.0
2010-06-18,https://www.ah.nl/allerhande/recept/R-R549774/picknickbol-met-tonijn,11,4.0
2010-06-11,https://www.ah.nl/allerhande/recept/R-R549770/lunchbol-met-zalm-en-huttenkase,16,2.0
2010-06-04,https://www.ah.nl/allerhande/recept/R-R549768/kipwrap-met-tomatenmayonaise,22,4.0
2010-05-28,https://www.ah.nl/allerhande/recept/R-R545488/pittige-salade-met-20-kaas,7,2.0
2010-05-21,https://www.ah.nl/allerhande/recept/R-R545458/rauwkostsalade,31,2.0
2010-05-14,https://www.ah.nl/allerhande/recept/R-R545436/groentesandwich,14,1.0
2010-05-07,https://www.ah.nl/allerhande/recept/R-R529632/roggebrood-met-kaas-en-soep,28,4.0
2010-04-30,https://www.ah.nl/allerhande/recept/R-R529620/kidneybonensalade-met-pistoletje,15,3.0
2010-04-23,https://www.ah.nl/allerhande/recept/R-R507264/rodekooltaartje-met-geitenkaas-en-pijnboompitten,5,1.0
2010-04-16,https://www.ah.nl/allerhande/recept/R-R490882/makreel-met-tomatensalsa,14,2.0
2010-04-09,https://www.ah.nl/allerhande/recept/R-R490826/zoet-pittige-salade-met-knoflookcroutons,26,7.0
2010-04-02,https://www.ah.nl/allerhande/recept/R-R480268/rijstpannenkoekjes,10,6.0
2010-03-26,https://www.ah.nl/allerhande/recept/R-R472520/vegetarische-panzanella,32,7.0
2010-03-19,https://www.ah.nl/allerhande/recept/R-R472474/salade-van-lamscarpaccio,24,8.0
2010-03-12,https://www.ah.nl/allerhande/recept/R-R472468/croque-madame-met-spinazie,14,4.0
2010-03-05,https://www.ah.nl/allerhande/recept/R-R469420/zalm-limoentosti,30,5.0
2010-02-26,https://www.ah.nl/allerhande/recept/R-R465498/gehaktballetjes-met-abrikozen-en-pistachenoten,33,13.0
2010-02-19,https://www.ah.nl/allerhande/recept/R-R453376/bruschette-met-linzenpuree,32,8.0
2010-02-12,https://www.ah.nl/allerhande/recept/R-R449100/tosti-met-mosterd-en-aardappelpuree,6,1.0
2010-02-05,https://www.ah.nl/allerhande/recept/R-R449072/dubbeldekker-met-kaas-en-chips,25,3.0
2010-01-29,https://www.ah.nl/allerhande/recept/R-R444700/mozzarella-in-carrozza,9,2.0
2010-01-22,https://www.ah.nl/allerhande/recept/R-R442470/avocado-clubsandwich-van-tomatentoast,29,10.0
2010-01-15,https://www.ah.nl/allerhande/recept/R-R442468/sinaasappel-avocadosalade,23,5.0
2010-01-08,https://www.ah.nl/allerhande/recept/R-R438414/haringsalade-met-appel,16,4.0
2010-01-01,https://www.ah.nl/allerhande/recept/R-R434728/spinazielasagne-met-mozzarella,26,6.0
2009-12-25,https://www.ah.nl/allerhande/recept/R-R434724/spinaziesalade-met-sinaasappel-en-blauwaderkaas,7,3.0
2009-12-18,https://www.ah.nl/allerhande/recept/R-R434720/asperges-op-gegrild-stokbrood,31,7.0
2009-12-11,https://www.ah.nl/allerhande/recept/R-R424730/frisse-caesar-salad,16,5.0
2009-12-04,https://www.ah.nl/allerhande/recept/R-R424726/huzarensalade,30,12.0
2009-11-27,https://www.ah.nl/allerhande/recept/R-R418896/shoarmabroodjes-met-makreel,8,1.0
2009-11-20,https://www.ah.nl/allerhande/recept/R-R413148/toast-met-wildpate,14,2.0
2009-11-13,https://www.ah.nl/allerhande/recept/R-R409682/geroosterd-brood-met-paddenstoelen,33,8.0
2009-11-06,https://www.ah.nl/allerhande/recept/R-R409674/tosti-s-met-paddenstoelen,11,3.0
2009-10-30,https://www.ah.nl/allerhande/recept/R-R408254/broodje-frisse-eisalade-kind-1-2-jaar,19,3.0
2009-10-23,https://www.ah.nl/allerhande/recept/R-R406180/broodje-geitenbrie-en-peer,13,4.0
2009-10-16,https://www.ah.nl/allerhande/recept/R-R406152/feestelijk-gevulde-kinderpannenkoeken,33,5.0
2009-10-09,https://www.ah.nl/allerhande/recept/R-R401296/griekse-groenteburger-met-komkommersalade,23,5.0
2009-10-02,https://www.ah.nl/allerhande/recept/R-R399578/broodje-met-gegrilde-groenten,25,5.0
2009-09-25,https://www.ah.nl/allerhande/recept/R-R399550/chocoladebroodjes-met-fruit,27,3.0
2009-09-18,https://www.ah.nl/allerhande/recept/R-R399548/tonijnsandwiches,10,2.0
2009-09-11,https://www.ah.nl/allerhande/recept/R-R399546/salamisandwiches-met-rode-tapenade,6,2.0
2009-09-04,https://www.ah.nl/allerhande/recept/R-R396228/triangelbroodje-met-roomham,19,5.0
2009-08-28,https://www.ah.nl/allerhande/recept/R-R393208/hollandse-clubsandwich,20,3.0
2009-08-21,https://www.ah.nl/allerhande/recept/R-R390276/knackebrod-met-kipfilet-en-komkommersalade,22,4.0
2009-08-14,https://www.ah.nl/allerhande/recept/R-R390270/snijbonensalade-met-geitenkaas,12,3.0
2009-08-07,https://www.ah.nl/allerhande/recept/R-R390268/courgettekoekjes-met-zalm,20,5.0
2009-07-31,https://www.ah.nl/allerhande/recept/R-R387410/ciabatta-met-parmaham-mozzarella-en-gegrilde-paprika,29,6.0
2009-07-24,https://www.ah.nl/allerhande/recept/R-R387408/sandwich-met-gegrilde-biefstuk-en-blauwaderkaas,15,4.0
2009-07-17,https://www.ah.nl/allerhande/recept/R-R387402/sandwich-met-bacon-sla-en-tomaat,14,3.0
2009-07-10,https://www.ah.nl/allerhande/recept/R-R387370/gegrilde-ham-met-courgette-en-mosterdmayonaise,32,8.0
2009-07-03,https://www.ah.nl/allerhande/recept/R-R387364/naanbrood-met-gegrild-lamsvlees-avocado-en-munt,32,5.0
2009-06-26,https://www.ah.nl/allerhande/recept/R-R385266/zalmomelet-op-brood-met-grasboter,12,4.0
2009-06-19,https://www.ah.nl/allerhande/recept/R-R385264/gemengde-salade-met-yoghurt-dilledressing,25,8.0
2009-06-12,https://www.ah.nl/allerhande/recept/R-R385260/reuzenbonensalade-met-appel-en-tonijn,18,3.0
2009-06-05,https://www.ah.nl/allerhande/recept/R-R385236/pistolets-met-eier-zalmsalade,31,5.0
2009-05-29,https://www.ah.nl/allerhande/recept/R-R385234/shoarmabroodjes-met-sardines,14,3.0
2009-05-22,https://www.ah.nl/allerhande/recept/R-R385208/rucolaomelet,33,4.0
2009-05-15,https://www.ah.nl/allerhande/recept/R-R385206/snelle-tomatensoep,24,5.0
2009-05-08,https://www.ah.nl/allerhande/recept/R-R385204/burger-broodjes,31,5.0
2009-05-01,https://www.ah.nl/allerhande/recept/R-R385202/sneetje-kaas-appel,31,3.0
2009-04-24,https://www.ah.nl/allerhande/recept/R-R385200/minitaco-met-tomaat-en-tonijn,5,2.0
2009-04-17,https://www.ah.nl/allerhande/recept/R-R385190/broodje-courgette,22,6.0
2009-04-10,https://www.ah.nl/allerhande/recept/R-R383226/pita-varkensfilet-met-groenten,6,2.0
2009-04-03,https://www.ah.nl/allerhande/recept/R-R373112/zuurkool-op-broodje-pastrami,15,4.0
2009-03-27,https://www.ah.nl/allerhande/recept/R-R365238/hollandse-kippensoep,34,11.0
2009-03-20,https://www.ah.nl/allerhande/recept/R-R363234/eikenbladsalade-met-kippenlevertjes,29,7.0
2009-03-13,https://www.ah.nl/allerhande/recept/R-R363232/wrap-met-wortel-en-kikkererwtenpuree,12,2.0
2009-03-06,https://www.ah.nl/allerhande/recept/R-R363228/avocadosalade-met-grapefruit-en-garnalen,6,3.0
2009-02-27,https://www.ah.nl/allerhande/recept/R-R363222/oosterse-pannenkoek-met-spitskool-en-tofu,15,6.0
2009-02-20,https://www.ah.nl/allerhande/recept/R-R363220/rijstwafel-speciaal,11,3.0
2009-02-13,https://www.ah.nl/allerhande/recept/R-R363198/met-zalm-gevulde-tomaten,12,3.0
2009-02-06,https://www.ah.nl/allerhande/recept/R-R363192/pittige-clubsandwich-met-koolrabi,32,5.0
2009-01-30,https://www.ah.nl/allerhande/recept/R-R363186/broodchips-met-wortel-komijnsalade,10,4.0
2009-01-23,https://www.ah.nl/allerhande/recept/R-R363184/volkorenblini-s-met-zalm,29,9.0
2009-01-16,https://www.ah.nl/allerhande/recept/R-R363164/hartige-cheesecake,32,7.0
2009-01-09,https://www.ah.nl/allerhande/recept/R-R363160/kipburger-met-pittige-komkommersalsa,28,8.0
2009-01-02,https://www.ah.nl/allerhande/recept/R-R363158/gebakken-courgette-met-peterselieroerei,16,3.0
2008-12-26,https://www.ah.nl/allerhande/recept/R-R358382/salade-van-gemarineerde-bieten-en-avocado,20,4.0
2008-12-19,https://www.ah.nl/allerhande/recept/R-R358346/najaarssalade-met-spekjes-en-blauwaderkaas,20,4.0
2008-12-12,https://www.ah.nl/allerhande/recept/R-R358332/lauwe-linzensalade-met-geroosterde-paprika,10,5.0
2008-12-05,https://www.ah.nl/allerhande/recept/R-R355032/lamsshoarma-met-paprikasaus,11,2.0
2008-11-28,https://www.ah.nl/allerhande/recept/R-R355010/vegetarische-burger-in-shoarmabroodje,21,5.0
2008-11-21,https://www.ah.nl/allerhande/recept/R-R355000/minihamburgers-met-guacamole,29,5.0
2008-11-14,https://www.ah.nl/allerhande/recept/R-R352620/knapperig-bladerdeeg-gevuld-met-gehakt,10,3.0
2008-11-07,https://www.ah.nl/allerhande/recept/R-R346222/salade-met-geroosterde-venkel-en-roquefort,29,6.0
2008-10-31,https://www.ah.nl/allerhande/recept/R-R346216/courgetteflensje,8,3.0
2008-10-24,https://www.ah.nl/allerhande/recept/R-R338030/kipfilet-in-boter-citroensaus,13,2.0
2008-10-17,https://www.ah.nl/allerhande/recept/R-R334996/stapel-op-flensjes,12,6.0
2008-10-10,https://www.ah.nl/allerhande/recept/R-R330854/romige-kippetjesragout-met-champignons,26,13.0
2008-10-03,https://www.ah.nl/allerhande/recept/R-R324198/gemengde-salade-met-krokante-kaaschips,23,7.0
2008-09-26,https://www.ah.nl/allerhande/recept/R-R324180/tomatenquiche-van-croissantdeeg,33,9.0
2008-09-19,https://www.ah.nl/allerhande/recept/R-R318806/hartige-wentelteefjes-met-uiencompote,22,9.0
2008-09-12,https://www.ah.nl/allerhande/recept/R-R318800/bruschetta-met-pastrami,16,3.0
2008-09-05,https://www.ah.nl/allerhande/recept/R-R318768/salade-met-groninger-mosterddressing-en-toast-van-groningerkoek,16,4.0
2008-08-29,https://www.ah.nl/allerhande/recept/R-R312828/kaas-abrikoossandwich,8,1.0
2008-08-22,https://www.ah.nl/allerhande/recept/R-R312826/appel-kaneelwrap,17,2.0
2008-08-15,https://www.ah.nl/allerhande/recept/R-R312824/rosbief-tonijnsandwich,24,4.0
2008-08-08,https://www.ah.nl/allerhande/recept/R-R312384/kaasbruschetta-met-appelstroop,25,4.0
2008-08-01,https://www.ah.nl/allerhande/recept/R-R312348/gevulde-broodbol-met-spinazie,11,3.0
2008-07-25,https://www.ah.nl/allerhande/recept/R-R312310/broodspiesjes-met-magor-en-parmaham,33,4.0
2008-07-18,https://www.ah.nl/allerhande/recept/R-R287952/linzensalade-met-gegratineerde-geitenkaas,32,5.0
2008-07-11,https://www.ah.nl/allerhande/recept/R-R282322/broodje-steak-tartaar-met-limoenmayonaise,29,6.0
2008-07-04,https://www.ah.nl/allerhande/recept/R-R282308/garnalentartaartje-met-tomatensalsa-en-mozzarellatosti,26,11.0
2008-06-27,https://www.ah.nl/allerhande/recept/R-R274016/ciabatta-met-avocado-en-hollandse-garnalen,15,4.0
2008-06-20,https://www.ah.nl/allerhande/recept/R-R270430/walnootciabatta-met-gemarineerde-haring,33,10.0
2008-06-13,https://www.ah.nl/allerhande/recept/R-R265776/zeevruchtencocktail,11,5.0
2008-06-06,https://www.ah.nl/allerhande/recept/R-R265772/wraps-met-warmgerookte-zalm,30,6.0
2008-05-30,https://www.ah.nl/allerhande/recept/R-R265770/makreelsalade-met-sinaasappel,31,11.0
2008-05-23,https://www.ah.nl/allerhande/recept/R-R260518/veldsla-met-lentegroenten,14,4.0
2008-05-16,https://www.ah.nl/allerhande/recept/R-R260510/salade-met-spekreepjes-en-croutons,31,8.0
2008-05-09,https://www.ah.nl/allerhande/recept/R-R260502/toast-met-koriander-geitenkaas-en-ham,28,3.0
2008-05-02,https://www.ah.nl/allerhande/recept/R-R249292/gegrilde-kipsandwich-met-avocado,13,4.0
2008-04-25,https://www.ah.nl/allerhande/recept/R-R249290/sandwich-ham-met-geroosterde-tomaat,17,5.0
2008-04-18,https://www.ah.nl/allerhande/recept/R-R249286/kaas-komkommersandwich,32,5.0
2008-04-11,https://www.ah.nl/allerhande/recept/R-R249284/sardinesandwich,21,5.0
2008-04-04,https://www.ah.nl/allerhande/recept/R-R249266/kalfsentrecote-met-rucolasalsa-en-gekarameliseerde-tomaatjes,25,24.0
2008-03-28,https://www.ah.nl/allerhande/recept/R-R246288/bananentosti,29,3.0
2008-03-21,https://www.ah.nl/allerhande/recept/R-R246286/vitaminesalade-met-geitenkaas,12,3.0
2008-03-14,https://www.ah.nl/allerhande/recept/R-R237806/broodje-geitenkaas,6,1.0
2008-03-07,https://www.ah.nl/allerhande/recept/R-R237792/bagels-met-zalm,6,1.0
2008-02-29,https://www.ah.nl/allerhande/recept/R-R237790/panini-met-artisjokharten,15,3.0
2008-02-22,https://www.ah.nl/allerhande/recept/R-R237788/kaiserbrotchen-met-zuurkool-en-frankfurters,30,8.0
2008-02-15,https://www.ah.nl/allerhande/recept/R-R237786/stokbroodje-met-brie,17,3.0
2008-02-08,https://www.ah.nl/allerhande/recept/R-R234734/toast-met-in-bier-gesmolten-kaas,15,3.0
2008-02-01,https://www.ah.nl/allerhande/recept/R-R231360/shoarmabroodjes-met-haricots-verts-en-zalm,6,4.0
2008-01-25,https://www.ah.nl/allerhande/recept/R-R231354/tomatenbrood-met-geitenbrie,9,3.0
2008-01-18,https://www.ah.nl/allerhande/recept/R-R223358/volkorensandwich-met-gerookte-kip-mosterdmayonaise-en-spek,7,2.0
2008-01-11,https://www.ah.nl/allerhande/recept/R-R223272/pistoletjes-met-koriander-knoflookboter,28,3.0
2008-01-04,https://www.ah.nl/allerhande/recept/R-R223270/focaccia-met-auberginespread,19,2.0
2007-12-28,https://www.ah.nl/allerhande/recept/R-R223266/naanbrood-met-courgette-quorn-en-piccalilly,22,4.0
2007-12-21,https://www.ah.nl/allerhande/recept/R-R212348/vietnamees-broodje-biefstuk,27,6.0
2007-12-14,https://www.ah.nl/allerhande/recept/R-R205420/zuurdesembrood-met-ardennerpate-en-ajuincompote,33,9.0
2007-12-07,https://www.ah.nl/allerhande/recept/R-R201056/overblijf-omelet,19,5.0
2007-11-30,https://www.ah.nl/allerhande/recept/R-R199500/salade-met-kippenlevertjes,9,2.0
2007-11-23,https://www.ah.nl/allerhande/recept/R-R199498/piperade-gestoofde-groenten-met-ei-en-rauwe-ham,28,14.0
2007-11-16,https://www.ah.nl/allerhande/recept/R-R199472/warme-aardappelsalade,21,5.0
2007-11-09,https://www.ah.nl/allerhande/recept/R-R197392/omelet-met-italiaanse-kruiden,9,3.0
2007-11-02,https://www.ah.nl/allerhande/recept/R-R197352/gebakken-sandwiches-met-parmaham,5,1.0
2007-10-26,https://www.ah.nl/allerhande/recept/R-R196284/mangosmoothie,33,4.0
2007-10-19,https://www.ah.nl/allerhande/recept/R-R187894/hartige-poffertjes-met-kaas,32,13.0
2007-10-12,https://www.ah.nl/allerhande/recept/R-R187890/haringsalade-met-sperziebonen-en-een-gekookt-eitje,27,8.0
2007-10-05,https://www.ah.nl/allerhande/recept/R-R181104/komkommershake,18,3.0
2007-09-28,https://www.ah.nl/allerhande/recept/R-R181078/volkorensandwich-met-kruidige-huttenkase-en-mediterrane-groenten,7,2.0
2007-09-21,https://www.ah.nl/allerhande/recept/R-R179316/pittig-shoarmabroodje-met-fricandeau,31,4.0
2007-09-14,https://www.ah.nl/allerhande/recept/R-R179314/mediterrane-clubsandwich-met-makreel,18,4.0
2007-09-07,https://www.ah.nl/allerhande/recept/R-R179312/volkorentosti-met-verse-roomkaas-en-chorizo,5,1.0
2007-08-31,https://www.ah.nl/allerhande/recept/R-R179252/tomaten-olijvenbrood-met-rozemarijn,10,3.0
2007-08-24,https://www.ah.nl/allerhande/recept/R-R178192/wortelkroketjes-met-yoghurt-knoflooksaus,13,5.0
2007-08-17,https://www.ah.nl/allerhande/recept/R-R176874/tortilla-met-paddestoelen,31,11.0
2007-08-10,https://www.ah.nl/allerhande/recept/R-R176850/castiliaans-rond-brood,9,5.0
2007-08-03,https://www.ah.nl/allerhande/recept/R-R176848/gemengde-boerensalade,15,6.0
2007-07-27,https://www.ah.nl/allerhande/recept/R-R176388/salade-met-jumbogarnalen-avocado-en-waterkers,11,3.0
2007-07-20,https://www.ah.nl/allerhande/recept/R-R176384/spaanse-tomaatjessalade,32,9.0
2007-07-13,https://www.ah.nl/allerhande/recept/R-R176376/avocadosalade-met-pecannoten,28,5.0
2007-07-06,https://www.ah.nl/allerhande/recept/R-R176368/tuinbonenomelet,24,8.0
2007-06-29,https://www.ah.nl/allerhande/recept/R-R161022/salami-envelopjes,12,4.0
2007-06-22,https://www.ah.nl/allerhande/recept/R-R151798/tosti-s-met-raclettekaas-venkel-en-selderij,16,4.0
2007-06-15,https://www.ah.nl/allerhande/recept/R-R151784/lunchsalade-met-roquefort,32,9.0
2007-06-08,https://www.ah.nl/allerhande/recept/R-R141154/linzensalade,28,9.0
2007-06-01,https://www.ah.nl/allerhande/recept/R-R141146/gepocheerde-eieren-in-rodewijnsaus,7,4.0
2007-05-25,https://www.ah.nl/allerhande/recept/R-R141124/aardappelsalade-met-ham-en-bleekselderij,29,13.0
2007-05-18,https://www.ah.nl/allerhande/recept/R-R141122/camembertkroketjes,15,6.0
2007-05-11,https://www.ah.nl/allerhande/recept/R-R141118/omelette-souffle,6,1.0
2007-05-04,https://www.ah.nl/allerhande/recept/R-R140280/peperbruschetta-met-serranoham-en-mosterd-appelmoes,34,12.0
2007-04-27,https://www.ah.nl/allerhande/recept/R-R133234/omelet-met-ui,16,7.0
2007-04-20,https://www.ah.nl/allerhande/recept/R-R133228/kruidige-witte-boontjes,16,5.0
2007-04-13,https://www.ah.nl/allerhande/recept/R-R133210/mosselsalade-met-witte-kaasblokjes,11,4.0
2007-04-06,https://www.ah.nl/allerhande/recept/R-R117318/boulognebollen-met-roerei-en-ham,9,4.0
2007-03-30,https://www.ah.nl/allerhande/recept/R-R117316/pain-de-madeleine-met-sardientjesboter,25,8.0
2007-03-23,https://www.ah.nl/allerhande/recept/R-R117274/gegrilde-focaccia-met-geitenkaas-en-kervelsla,30,10.0
2007-03-16,https://www.ah.nl/allerhande/recept/R-R113266/pikante-kaas-kalkoenburger,29,9.0
2007-03-09,https://www.ah.nl/allerhande/recept/R-R113262/broodje-rauwe-ham-en-rookkaas,16,3.0
2007-03-02,https://www.ah.nl/allerhande/recept/R-R99456/vietnamees-stokbrood-met-kip-en-koriander,25,5.0
2007-02-23,https://www.ah.nl/allerhande/recept/R-R97212/veldsla-met-nectarine,34,8.0
2007-02-16,https://www.ah.nl/allerhande/recept/R-R97190/vloerkadetten-met-salade-van-metworst,12,3.0
2007-02-09,https://www.ah.nl/allerhande/recept/R-R88084/gemarineerde-asperges-met-garnalen,12,7.0
2007-02-02,https://www.ah.nl/allerhande/recept/R-R88050/slabladeren-met-eiersalade,13,4.0
2007-01-26,https://www.ah.nl/allerhande/recept/R-R87906/bikburgers,33,10.0
2007-01-19,https://www.ah.nl/allerhande/recept/R-R87902/paddestoelenomeletjes,8,3.0
2007-01-12,https://www.ah.nl/allerhande/recept/R-R87900/kaaskletsers,20,9.0
2007-01-05,https://www.ah.nl/allerhande/recept/R-R87686/berenbroodjes,5,2.0
2006-12-29,https://www.ah.nl/allerhande/recept/R-R84440/noordzeekabeljauw-met-mosselen,25,11.0
2006-12-22,https://www.ah.nl/allerhande/recept/R-R84422/groene-aspergetips-met-ham-en-kwartelei,34,10.0
2006-12-15,https://www.ah.nl/allerhande/recept/R-R83020/garnalen-krabkoekjes,12,4.0
2006-12-08,https://www.ah.nl/allerhande/recept/R-R83018/salade-met-makreelrillette,6,3.0
2006-12-01,https://www.ah.nl/allerhande/recept/R-R83016/witte-bonensalade-met-mosselen-en-tonijnsaus,9,3.0
2006-11-24,https://www.ah.nl/allerhande/recept/R-R83014/croissant-met-brie-en-gember,7,1.0
2006-11-17,https://www.ah.nl/allerhande/recept/R-R83010/pain-de-boulogne-met-saint-albray-en-zongedroogde-tomaatjes,22,5.0
2006-11-10,https://www.ah.nl/allerhande/recept/R-R82992/sliptong-met-jus-van-witlof-ham-en-kaas,27,24.0
2006-11-03,https://www.ah.nl/allerhande/recept/R-R82990/le-champain-met-3-franse-delicatessen,22,9.0
2006-10-27,https://www.ah.nl/allerhande/recept/R-R72848/boerensandwich-met-kaassalade,23,3.0
2006-10-20,https://www.ah.nl/allerhande/recept/R-R72826/knapperige-koriander-tofu,7,3.0
2006-10-13,https://www.ah.nl/allerhande/recept/R-R72812/ciabatta-met-selderijpesto-en-kastanjechampignons,14,5.0
2006-10-06,https://www.ah.nl/allerhande/recept/R-R39538/croissant-met-kastanjechampignons,6,2.0
2006-09-29,https://www.ah.nl/allerhande/recept/R-R10028/romige-kaasomelet-met-rucola,5,2.0
2006-09-22,https://www.ah.nl/allerhande/recept/R-R8596/haringtartaar-met-toast,29,8.0
2006-09-15,https://www.ah.nl/allerhande/recept/R-R8588/salade-met-gebakken-druiven-en-amandelen,23,5.0
2006-09-08,https://www.ah.nl/allerhande/recept/R-R8536/roastbeef-bagel-clubsandwich,14,3.0
2006-09-01,https://www.ah.nl/allerhande/recept/R-R8534/guacamole-clubsandwich,29,8.0
2006-08-25,https://www.ah.nl/allerhande/recept/R-R8532/mango-cheddar-clubsandwich,32,6.0
2006-08-18,https://www.ah.nl/allerhande/recept/R-R8530/mediterrane-clubsandwich,5,2.0
2006-08-11,https://www.ah.nl/allerhande/recept/R-R8528/zalm-tzatziki-clubsandwich,16,3.0
2006-08-04,https://www.ah.nl/allerhande/recept/R-R8502/rolletjes-van-serranoham-en-pesto-met-groene-asperges-en-garnalen,25,13.0
2006-07-28,https://www.ah.nl/allerhande/recept/R-R8486/sandwich-met-groene-aspergetips-en-mosterdcreme,14,2.0
2006-07-21,https://www.ah.nl/allerhande/recept/R-R8440/paassalade-met-een-nestje-van-gefrituurde-mihoen-en-zalmmousse,23,7.0
2006-07-14,https://www.ah.nl/allerhande/recept/R-R8222/chocolade-tosti-met-hazelnoot,9,2.0
2006-07-07,https://www.ah.nl/allerhande/recept/R-R7950/italiaanse-bol-met-yorkham-en-zoete-uiensalade,15,3.0
2006-06-30,https://www.ah.nl/allerhande/recept/R-R7866/paprikarolletjes-met-ansjovis-en-pijnboompitten,8,7.0
2006-06-23,https://www.ah.nl/allerhande/recept/R-R7848/rocketsalade-met-parmaham-en-aardbeiendressing,12,3.0
2006-06-16,https://www.ah.nl/allerhande/recept/R-R7742/lauwe-haringsalade-met-groentereepjes,15,5.0
2006-06-09,https://www.ah.nl/allerhande/recept/R-R7686/pittige-pitabroodjes,22,3.0
2006-06-02,https://www.ah.nl/allerhande/recept/R-R7684/frisse-vissandwiches,22,4.0
2006-05-26,https://www.ah.nl/allerhande/recept/R-R7680/aardbeiensalade-met-geitenkaas,30,3.0
2006-05-19,https://www.ah.nl/allerhande/recept/R-R7678/roeibroodjes,13,3.0
2006-05-12,https://www.ah.nl/allerhande/recept/R-R7676/pannenkoekrolletjes,32,5.0
2006-05-05,https://www.ah.nl/allerhande/recept/R-R7622/scones-met-frambozenjam,29,6.0
2006-04-28,https://www.ah.nl/allerhande/recept/R-R7602/spinaziesalade-met-gorgonzola,14,3.0
2006-04-21,https://www.ah.nl/allerhande/recept/R-R7578/driekazentosti,27,5.0
2006-04-14,https://www.ah.nl/allerhande/recept/R-R7476/pitabroodjes-met-lamsvlees-en-tomatenrelish,31,9.0
